asset,agent,p_value,RCSI_z,percentile,final_classification,number_of_trades,is_random_baseline,rank,bh_threshold,bh_significant,bonferroni_significant,bh_adjusted_p
DIA,random,0.0013997200559888,4.7620002674811825,99.88002399520096,strong skill,181.0,True,1,0.00015527950310559007,False,False,0.45070985802839364
BTC-USD,adx_trend_following,0.0069965017491254,4.836021499204898,99.3503248375812,strong skill,69.0,False,2,0.00031055900621118014,False,False,0.9816091954022987
SNAP,random,0.0099800399201596,3.5605656345923364,99.20159680638724,strong skill,90.0,True,3,0.00046583850931677023,False,False,0.9816091954022987
BTC-USD,breakout_volume_momentum,0.0199900049975012,3.3168250219862356,98.05097451274362,strong skill,93.0,False,4,0.0006211180124223603,False,False,0.9816091954022987
INTL,turn_of_month_seasonality,0.0234882558720639,1.928818034406811,97.70114942528735,moderate skill,14.0,False,5,0.0007763975155279504,False,False,0.9816091954022987
DBA,momentum_relative_strength,0.0255,2.6272842255710382,97.45,positive but inconclusive,163.0,False,6,0.0009316770186335405,False,False,0.9816091954022987
NQ=F,connors_rsi2_pullback,0.0267946410717856,2.2531298560685458,97.34053189362128,strong skill,106.0,False,7,0.0010869565217391304,False,False,0.9816091954022987
BTC-USD,donchian_trend_reentry,0.0284857571214392,2.316051880722893,97.20139930034982,strong skill,34.0,False,8,0.0012422360248447205,False,False,0.9816091954022987
BTC-USD,trend_momentum_verification,0.0299850074962518,2.4455929548814894,97.05147426286857,strong skill,34.0,False,9,0.0013975155279503106,False,False,0.9816091954022987
SPY,connors_rsi2_pullback,0.0304847576211894,2.034570273858238,97.0014992503748,strong skill,103.0,False,10,0.0015527950310559007,False,False,0.9816091954022987
ES=F,connors_rsi2_pullback,0.0349825087456271,2.0244578463864964,96.55172413793105,strong skill,86.0,False,11,0.0017080745341614908,False,False,1.0
NQ=F,random,0.0463907218556288,2.034150572886915,95.38092381523695,strong skill,227.0,True,12,0.001863354037267081,False,False,1.0
EURUSD=X,trend_pullback,0.0499750124937531,1.7335160594084391,95.05247376311844,moderate skill,59.0,False,13,0.002018633540372671,False,False,1.0
GC=F,volatility_squeeze_breakout,0.0533893221355728,1.5049750470754983,94.68106378724256,weak skill,4.0,False,14,0.002173913043478261,False,False,1.0
INTL,uptrend_oversold_reversion,0.0554722638680659,1.487339616760354,94.50274862568716,weak skill,2.0,False,15,0.002329192546583851,False,False,1.0
VTEB,trend_pullback,0.059880239520958,1.4425324833061273,94.2115768463074,weak skill,56.0,False,16,0.002484472049689441,False,False,1.0
ETH-USD,random,0.0627874425114977,1.400546237023985,93.74125174965006,weak skill,64.0,True,17,0.002639751552795031,False,False,1.0
INTL,trend_pullback,0.0669665167416291,1.51054472029829,93.35332333833082,weak skill,10.0,False,18,0.0027950310559006213,False,False,1.0
MRNA,trend_momentum_verification,0.0693861227754449,1.4773572661154992,93.08138372325536,weak skill,10.0,False,19,0.0029503105590062114,False,False,1.0
GBPUSD=X,uptrend_oversold_reversion,0.0734632683658171,1.4324526753618407,92.70364817591204,weak skill,34.0,False,20,0.0031055900621118015,False,False,1.0
USDJPY=X,mean_reversion_vol_filter,0.0779844031193761,1.4296469305429425,92.22155568886222,weak skill,142.0,False,21,0.0032608695652173916,False,False,1.0
PLTR,momentum_relative_strength,0.082,1.481419948074837,91.8,weak skill,39.0,False,22,0.0034161490683229817,False,False,1.0
SNAP,mean_reversion_vol_filter,0.0858283433133732,0.989679401279014,91.61676646706589,weak skill,3.0,False,23,0.0035714285714285713,False,False,1.0
USDJPY=X,trend_momentum_verification,0.0889822035592881,1.372558624610059,91.12177564487102,weak skill,56.0,False,24,0.003726708074534162,False,False,1.0
TQQQ,random,0.0909818036392721,1.1608527530829955,90.92181563687262,weak skill,96.0,True,25,0.0038819875776397515,False,False,1.0
DBA,volatility_managed_tsmom,0.103,1.3046599317565375,89.7,positive but inconclusive,35.0,False,26,0.004037267080745342,False,False,1.0
BTC-USD,volatility_squeeze_breakout,0.1074462768615692,1.1574861748178094,89.30534732633684,weak skill,11.0,False,27,0.004192546583850932,False,False,1.0
HEI,random,0.1077844311377245,1.2405656689246465,89.42115768463074,weak skill,90.0,True,28,0.004347826086956522,False,False,1.0
ES=F,mean_reversion_vol_filter,0.1114442778610694,1.1585146902899703,88.9055472263868,weak skill,16.0,False,29,0.004503105590062112,False,False,1.0
EURUSD=X,trend_momentum_verification,0.1144427786106946,1.2353406971088534,88.6056971514243,weak skill,40.0,False,30,0.004658385093167702,False,False,1.0
BTC-USD,turn_of_month_seasonality,0.1189405297351324,1.1285732982393937,88.1559220389805,weak skill,56.0,False,31,0.0048136645962732925,False,False,1.0
BOTZ,momentum_relative_strength,0.12,1.1310546022291277,88.0,positive but inconclusive,77.0,False,32,0.004968944099378882,False,False,1.0
DBA,breakout_volume_momentum,0.128,1.1494856838738885,87.2,positive but inconclusive,63.0,False,33,0.005124223602484473,False,False,1.0
QQQ,trend_momentum_verification,0.136431784107946,0.9794954261363036,86.40679660169916,weak skill,87.0,False,34,0.005279503105590062,False,False,1.0
INTL,mean_reversion_vol_filter,0.1394302848575712,0.9195583039507816,86.10694652673662,weak skill,1.0,False,35,0.005434782608695652,False,False,1.0
GBPUSD=X,trend_pullback,0.1404297851074462,1.0962831786857523,86.00699650174913,weak skill,49.0,False,36,0.0055900621118012426,False,False,1.0
GC=F,adx_trend_following,0.141371725654869,1.076303939927458,85.88282343531294,weak skill,110.0,False,37,0.005745341614906832,False,False,1.0
ETH-USD,breakout_volume_momentum,0.1421715656868626,0.7042483922269933,85.80283943211357,weak skill,45.0,False,38,0.005900621118012423,False,False,1.0
GC=F,connors_rsi2_pullback,0.1427714457108578,1.070952103266957,85.74285142971407,weak skill,41.0,False,39,0.006055900621118013,False,False,1.0
DBA,mean_reversion_vol_filter,0.149,1.0385451760503894,85.1,positive but inconclusive,192.0,False,40,0.006211180124223603,False,False,1.0
GBPUSD=X,volatility_squeeze_breakout,0.1754122938530734,0.9145227683891808,82.50874562718641,weak skill,12.0,False,41,0.006366459627329193,False,False,1.0
GC=F,breakout_volume_momentum,0.1757648470305939,0.9078918311237912,82.44351129774046,weak skill,46.0,False,42,0.006521739130434783,False,False,1.0
MTUM,momentum_relative_strength,0.183,0.7169220257816838,81.7,positive but inconclusive,112.0,False,43,0.006677018633540373,False,False,1.0
AUDUSD=X,trend_pullback,0.1904047976011994,0.8616955366629819,81.00949525237381,weak skill,37.0,False,44,0.006832298136645963,False,False,1.0
QQQ,turn_of_month_seasonality,0.1959020489755122,0.6759470022007452,80.45977011494253,weak skill,210.0,False,45,0.006987577639751552,False,False,1.0
ES=F,turn_of_month_seasonality,0.1964017991004497,0.7718721887742004,80.40979510244878,weak skill,195.0,False,46,0.007142857142857143,False,False,1.0
INTL,volatility_squeeze_breakout,0.1989005497251374,0.7607341343831638,80.15992003998001,weak skill,1.0,False,47,0.007298136645962733,False,False,1.0
QQQ,connors_rsi2_pullback,0.2008995502248875,0.7692168457772881,79.960019990005,random / luck,101.0,False,48,0.007453416149068324,False,False,1.0
ICLN,breakout_volume_momentum,0.2015,0.777709637970014,79.85,positive but inconclusive,59.0,False,49,0.007608695652173914,False,False,1.0
FXI,trend_pullback,0.2043591281743651,0.7397285181879579,79.58408318336333,random / luck,83.0,False,50,0.007763975155279503,False,False,1.0
NVAX,trend_pullback,0.2063968015992004,-0.0397603878671864,79.41029485257371,random / luck,76.0,False,51,0.007919254658385094,False,False,1.0
NQ=F,uptrend_oversold_reversion,0.2067586482703459,0.7781591125923043,79.34413117376525,random / luck,71.0,False,52,0.008074534161490683,False,False,1.0
NZDUSD=X,mean_reversion_vol_filter,0.2152,0.7927243071938981,78.48,weak skill,148.0,False,53,0.008229813664596275,False,False,1.0
AUDUSD=X,donchian_trend_reentry,0.2153923038480759,0.7374877182125045,78.51074462768615,random / luck,20.0,False,54,0.008385093167701864,False,False,1.0
FXI,breakout_volume_momentum,0.2205558888222355,0.5563086659008137,77.96440711857629,random / luck,76.0,False,55,0.008540372670807454,False,False,1.0
VXX,momentum_relative_strength,0.221,0.4275614313192522,77.9,positive but inconclusive,63.0,False,56,0.008695652173913044,False,False,1.0
CL=F,breakout_volume_momentum,0.2229554089182163,0.4500152921012522,77.7244551089782,random / luck,96.0,False,57,0.008850931677018633,False,False,1.0
GC=F,turn_of_month_seasonality,0.2335532893421315,0.6452516813910344,76.66466706658667,random / luck,141.0,False,58,0.009006211180124225,False,False,1.0
DBA,trend_pullback,0.235,0.6550622970579687,76.5,positive but inconclusive,120.0,False,59,0.009161490683229814,False,False,1.0
ICLN,momentum_relative_strength,0.236,0.4609397175505164,76.4,positive but inconclusive,166.0,False,60,0.009316770186335404,False,False,1.0
COIN,breakout_volume_momentum,0.243,0.4353566844085277,75.7,random / luck,89.0,False,61,0.009472049689440994,False,False,1.0
ETH-USD,momentum_relative_strength,0.24875024995001,-0.0408233205863299,75.14497100579885,random / luck,56.0,False,62,0.009627329192546585,False,False,1.0
JPYUSD=X,trend_pullback,0.2508745627186406,0.5687603678596943,74.96251874062968,random / luck,63.0,False,63,0.009782608695652175,False,False,1.0
SPY,uptrend_oversold_reversion,0.2508745627186406,0.6326412239855989,74.96251874062968,random / luck,79.0,False,64,0.009937888198757764,False,False,1.0
CL=F,adx_trend_following,0.2655468906218756,0.2915945130300356,73.46530693861227,random / luck,71.0,False,65,0.010093167701863354,False,False,1.0
AUDUSD=X,random,0.2763618190904547,0.5141322781025642,72.41379310344827,random / luck,188.0,True,66,0.010248447204968945,False,False,1.0
CL=F,trend_momentum_verification,0.2823435312937412,0.2055961365558347,71.78564287142571,random / luck,63.0,False,67,0.010403726708074535,False,False,1.0
MRNA,trend_pullback,0.2909418116376724,0.1248628653647414,70.92581483703259,random / luck,16.0,False,68,0.010559006211180125,False,False,1.0
USDJPY=X,breakout_volume_momentum,0.2939412117576485,0.498500458380714,70.625874825035,random / luck,57.0,False,69,0.010714285714285714,False,False,1.0
COIN,volatility_managed_tsmom,0.2965,0.463042689584754,70.35,random / luck,83.0,False,70,0.010869565217391304,False,False,1.0
ARKK,momentum_relative_strength,0.297,0.3094654785880689,70.3,random / luck,102.0,False,71,0.011024844720496895,False,False,1.0
DIA,mean_reversion_vol_filter,0.3003399320135972,0.4688939617078136,69.98600279944012,random / luck,65.0,False,72,0.011180124223602485,False,False,1.0
FXI,trend_momentum_verification,0.3083383323335333,0.3248451648458015,69.18616276744652,random / luck,48.0,False,73,0.011335403726708076,False,False,1.0
AUDUSD=X,mean_reversion_vol_filter,0.3113443278360819,0.4153652932211905,68.91554222888556,random / luck,38.0,False,74,0.011490683229813664,False,False,1.0
AMD,breakout_volume_momentum,0.313373253493014,0.3167350175613084,68.8622754491018,random / luck,74.0,False,75,0.011645962732919256,False,False,1.0
EURUSD=X,connors_rsi2_pullback,0.3168415792103948,0.4257220608761495,68.36581709145428,random / luck,46.0,False,76,0.011801242236024845,False,False,1.0
EVLV,breakout_volume_momentum,0.3173652694610778,0.3337545712816768,68.46307385229541,random / luck,58.0,False,77,0.011956521739130435,False,False,1.0
CL=F,uptrend_oversold_reversion,0.3205358928214357,0.2816965354707781,67.96640671865627,random / luck,48.0,False,78,0.012111801242236027,False,False,1.0
CL=F,volatility_squeeze_breakout,0.3227354529094181,0.2994692998303918,67.74645070985802,random / luck,24.0,False,79,0.012267080745341614,False,False,1.0
VG,trend_pullback,0.3273453093812375,0.2691732037241987,67.46506986027944,random / luck,27.0,False,80,0.012422360248447206,False,False,1.0
COIN,trend_pullback,0.328,0.2640966848660576,67.2,random / luck,111.0,False,81,0.012577639751552794,False,False,1.0
XLF,random,0.329,0.6671565901440835,67.1,random / luck,121.0,True,82,0.012732919254658385,False,False,1.0
HEI,mean_reversion_vol_filter,0.3293413173652694,0.3817279288103913,67.26546906187625,random / luck,18.0,False,83,0.012888198757763975,False,False,1.0
NQ=F,turn_of_month_seasonality,0.3335332933413317,0.2832512708538056,66.66666666666666,random / luck,190.0,False,84,0.013043478260869566,False,False,1.0
VG,random,0.3373253493013972,0.1911613012686448,66.46706586826348,random / luck,27.0,True,85,0.013198757763975156,False,False,1.0
PLTR,trend_pullback,0.3379999999999999,0.182945864291017,66.2,random / luck,35.0,False,86,0.013354037267080746,False,False,1.0
JPYUSD=X,trend_momentum_verification,0.3383308345827086,0.3263537067204116,66.21689155422288,random / luck,42.0,False,87,0.013509316770186337,False,False,1.0
QQQ,trend_pullback,0.3388305847076461,0.2355012343937142,66.16691654172914,random / luck,109.0,False,88,0.013664596273291927,False,False,1.0
NQ=F,mean_reversion_vol_filter,0.3391321735652869,0.4033644276391281,66.10677864427115,random / luck,5.0,False,89,0.013819875776397518,False,False,1.0
GC=F,uptrend_oversold_reversion,0.3409318136372725,0.3476960775011292,65.92681463707258,random / luck,30.0,False,90,0.013975155279503104,False,False,1.0
GC=F,trend_momentum_verification,0.3447310537892421,0.3185636405923989,65.54689062187562,random / luck,35.0,False,91,0.014130434782608696,False,False,1.0
AUDUSD=X,connors_rsi2_pullback,0.3453273363318341,0.3971427140867731,65.51724137931035,random / luck,49.0,False,92,0.014285714285714285,False,False,1.0
TSM,uptrend_oversold_reversion,0.3473263368315842,0.1959960723184742,65.31734132933533,random / luck,58.0,False,93,0.014440993788819877,False,False,1.0
BOTZ,breakout_volume_momentum,0.3515,0.2589940596689904,64.85,null-like / inconclusive,32.0,False,94,0.014596273291925466,False,False,1.0
ES=F,trend_pullback,0.3533233383308345,0.2575407317732192,64.7176411794103,random / luck,116.0,False,95,0.014751552795031056,False,False,1.0
CL=F,turn_of_month_seasonality,0.3569286142771445,0.0673077213962103,64.32713457308539,random / luck,141.0,False,96,0.014906832298136647,False,False,1.0
VXX,random,0.363,0.0009711939102001,63.7,null-like / inconclusive,46.0,True,97,0.015062111801242237,False,False,1.0
AUDUSD=X,volatility_squeeze_breakout,0.3653173413293353,0.346805924123896,63.51824087956022,random / luck,10.0,False,98,0.015217391304347828,False,False,1.0
HEI,trend_pullback,0.3672654690618762,0.3044739970329724,63.47305389221557,random / luck,65.0,False,99,0.015372670807453418,False,False,1.0
CL=F,trend_pullback,0.3693261347730454,0.0107311698027744,63.08738252349531,random / luck,95.0,False,100,0.015527950310559006,False,False,1.0
USDJPY=X,random,0.3739252149570086,0.2198391061544065,62.62747450509898,random / luck,196.0,True,101,0.015683229813664597,False,False,1.0
ARKK,breakout_volume_momentum,0.376,0.0828644729585399,62.4,random / luck,43.0,False,102,0.015838509316770187,False,False,1.0
XLU,trend_pullback,0.3803239352129574,0.1953893478407965,61.9876024795041,random / luck,157.0,False,103,0.015993788819875777,False,False,1.0
CL=F,mean_reversion_vol_filter,0.3813237352529494,0.2649352912348671,61.8876224755049,random / luck,2.0,False,104,0.016149068322981366,False,False,1.0
RKLB,trend_pullback,0.3832335329341317,0.0881477678310046,61.876247504990026,random / luck,76.0,False,105,0.016304347826086956,False,False,1.0
SPY,random,0.3868065967016492,0.0591897587249768,61.36931534232883,random / luck,310.0,True,106,0.01645962732919255,False,False,1.0
SMH,momentum_relative_strength,0.3875,-0.0699193543176303,61.25,null-like / inconclusive,249.0,False,107,0.01661490683229814,False,False,1.0
INTL,trend_momentum_verification,0.3888055972013993,0.2895408387010991,61.169415292353825,random / luck,5.0,False,108,0.01677018633540373,False,False,1.0
RSPN,breakout_volume_momentum,0.3952095808383233,0.324139694170999,60.67864271457086,random / luck,43.0,False,109,0.016925465838509315,False,False,1.0
QQQ,uptrend_oversold_reversion,0.3963018490754623,0.1834147079588186,60.41979010494752,random / luck,74.0,False,110,0.017080745341614908,False,False,1.0
XLU,trend_momentum_verification,0.3963207358528294,0.0883977062436291,60.38792241551689,random / luck,85.0,False,111,0.017236024844720498,False,False,1.0
GBPUSD=X,trend_momentum_verification,0.4052973513243378,0.1760412821459438,59.52023988005997,random / luck,43.0,False,112,0.017391304347826087,False,False,1.0
QQQ,breakout_volume_momentum,0.4077961019490255,0.0851166396615839,59.2703648175912,random / luck,98.0,False,113,0.017546583850931677,False,False,1.0
CL=F,donchian_trend_reentry,0.4085182963407318,-0.0583855789024433,59.16816636672666,random / luck,46.0,False,114,0.017701863354037266,False,False,1.0
XLU,random,0.4189162167566487,0.0374786389361646,58.12837432513497,random / luck,175.0,True,115,0.01785714285714286,False,False,1.0
ES=F,random,0.4217891054472764,0.0001717403408335,57.87106446776612,random / luck,231.0,True,116,0.01801242236024845,False,False,1.0
BOTZ,random,0.4255,0.0743444931872384,57.45,null-like / inconclusive,54.0,True,117,0.01816770186335404,False,False,1.0
COIN,random,0.428,0.0496659998527396,57.2,random / luck,121.0,True,118,0.01832298136645963,False,False,1.0
ICLN,volatility_managed_tsmom,0.433,0.0780750934519445,56.7,null-like / inconclusive,40.0,False,119,0.01847826086956522,False,False,1.0
BTC-USD,connors_rsi2_pullback,0.4337831084457771,0.0214970325092423,56.67166416791605,random / luck,43.0,False,120,0.018633540372670808,False,False,1.0
ES=F,uptrend_oversold_reversion,0.4357821089455272,0.088227085679996,56.47176411794103,random / luck,71.0,False,121,0.018788819875776398,False,False,1.0
EURUSD=X,donchian_trend_reentry,0.4357821089455272,0.1116649476961934,56.47176411794103,random / luck,26.0,False,122,0.018944099378881987,False,False,1.0
VOO,mean_reversion_vol_filter,0.4377811094452773,0.1881469378276429,56.271864067966014,random / luck,8.0,False,123,0.01909937888198758,False,False,1.0
SPY,turn_of_month_seasonality,0.4427786106946527,-0.0475571507114578,55.77211394302849,random / luck,235.0,False,124,0.01925465838509317,False,False,1.0
AUDUSD=X,uptrend_oversold_reversion,0.4462768615692153,0.1059487466313961,55.42228885557221,random / luck,30.0,False,125,0.01940993788819876,False,False,1.0
MRNA,random,0.4533093381323735,-0.2314839477494404,54.68906218756248,random / luck,50.0,True,126,0.01956521739130435,False,False,1.0
NVDA,trend_momentum_verification,0.456271864067966,-0.2646370747848922,54.42278860569715,random / luck,85.0,False,127,0.01972049689440994,False,False,1.0
ARKK,random,0.4575,0.0703251323218772,54.25,random / luck,72.0,True,128,0.01987577639751553,False,False,1.0
ETH-USD,trend_momentum_verification,0.4575084983003399,-0.2180541127874989,54.26914617076585,random / luck,30.0,False,129,0.02003105590062112,False,False,1.0
EURUSD=X,breakout_volume_momentum,0.464767616191904,0.0500951213418854,53.573213393303355,random / luck,50.0,False,130,0.020186335403726708,False,False,1.0
USDJPY=X,momentum_relative_strength,0.4731053789242151,-0.2741641559483911,52.70945810837833,random / luck,174.0,False,131,0.020341614906832298,False,False,1.0
ES=F,volatility_squeeze_breakout,0.4772613693153423,0.0103178826382845,52.32383808095952,random / luck,25.0,False,132,0.02049689440993789,False,False,1.0
MRNA,breakout_volume_momentum,0.4857028594281143,-0.2575562907192181,51.449710057988405,random / luck,28.0,False,133,0.02065217391304348,False,False,1.0
VOO,uptrend_oversold_reversion,0.487256371814093,0.0178180043203342,51.324337831084456,random / luck,38.0,False,134,0.02080745341614907,False,False,1.0
EURUSD=X,random,0.4922538730634682,-0.0813569914650399,50.82458770614693,random / luck,210.0,True,135,0.02096273291925466,False,False,1.0
GM,uptrend_oversold_reversion,0.4932533733133433,-0.1006168168848204,50.72463768115942,random / luck,28.0,False,136,0.02111801242236025,False,False,1.0
PLTR,random,0.495,-0.1760344462688708,50.5,random / luck,26.0,True,137,0.021273291925465843,False,False,1.0
RKLB,breakout_volume_momentum,0.5049900199600799,-0.2517513943409142,49.700598802395206,random / luck,73.0,False,138,0.02142857142857143,False,False,1.0
SMH,random,0.5115000000000001,-0.256653438929924,48.85,null-like / inconclusive,192.0,True,139,0.02158385093167702,False,False,1.0
SPY,breakout_volume_momentum,0.5162418790604698,-0.173560237334952,48.425787106446776,random / luck,115.0,False,140,0.021739130434782608,False,False,1.0
MTUM,mean_reversion_vol_filter,0.5165,-0.1074703415065453,48.35,null-like / inconclusive,46.0,False,141,0.0218944099378882,False,False,1.0
ARK,volatility_managed_tsmom,0.5235,-0.1812504241493961,47.65,random / luck,12.0,False,142,0.02204968944099379,False,False,1.0
XLF,volatility_managed_tsmom,0.5235000000000001,-0.1074088611247453,47.65,random / luck,104.0,False,143,0.02220496894409938,False,False,1.0
THB=X,trend_pullback,0.5246,-0.0783553746609827,47.54,random / luck,427.0,False,144,0.02236024844720497,False,False,1.0
EURUSD=X,volatility_squeeze_breakout,0.5272363818090955,-0.0820319083701178,47.32633683158421,random / luck,17.0,False,145,0.02251552795031056,False,False,1.0
TSM,adx_trend_following,0.527736131934033,-0.3390196668575041,47.276361819090454,random / luck,127.0,False,146,0.022670807453416153,False,False,1.0
AUDUSD=X,adx_trend_following,0.5317341329335332,-0.1268528129864896,46.87656171914043,random / luck,44.0,False,147,0.02282608695652174,False,False,1.0
DIA,trend_pullback,0.5328934213157368,-0.1825033647324088,46.73065386922616,random / luck,125.0,False,148,0.02298136645962733,False,False,1.0
TSM,volatility_squeeze_breakout,0.5377311344327836,-0.2222370023202749,46.27686156921539,random / luck,32.0,False,149,0.02313664596273292,False,False,1.0
VOO,trend_pullback,0.5382308845577212,-0.1782170378629138,46.22688655672164,random / luck,56.0,False,150,0.02329192546583851,False,False,1.0
SPY,trend_pullback,0.5397301349325337,-0.2438172714591575,46.07696151924038,random / luck,132.0,False,151,0.0234472049689441,False,False,1.0
SNAP,trend_pullback,0.5449101796407185,-0.1708708515033919,45.70858283433134,random / luck,48.0,False,152,0.02360248447204969,False,False,1.0
MTUM,breakout_volume_momentum,0.545,-0.1917875836115148,45.5,null-like / inconclusive,39.0,False,153,0.02375776397515528,False,False,1.0
BOTZ,trend_pullback,0.546,-0.2076358329980193,45.4,null-like / inconclusive,72.0,False,154,0.02391304347826087,False,False,1.0
COIN,momentum_relative_strength,0.5495,-0.3206540679250405,45.05,random / luck,353.0,False,155,0.024068322981366463,False,False,1.0
EURUSD=X,adx_trend_following,0.5557221389305347,-0.1893224837684727,44.47776111944028,random / luck,52.0,False,156,0.024223602484472053,False,False,1.0
QQQ,adx_trend_following,0.5612193903048476,-0.3366743713587933,43.92803598200899,random / luck,112.0,False,157,0.02437888198757764,False,False,1.0
VG,breakout_volume_momentum,0.5688622754491018,-0.2465938321543044,43.31337325349301,random / luck,26.0,False,158,0.02453416149068323,False,False,1.0
EURUSD=X,mean_reversion_vol_filter,0.5717141429285357,-0.2285339250272363,42.87856071964018,random / luck,47.0,False,159,0.024689440993788822,False,False,1.0
AUDUSD=X,turn_of_month_seasonality,0.5722138930534733,-0.2277319585301133,42.82858570714643,random / luck,90.0,False,160,0.02484472049689441,False,False,1.0
EURUSD=X,uptrend_oversold_reversion,0.5727136431784108,-0.2189455864189383,42.77861069465268,random / luck,37.0,False,161,0.025,False,False,1.0
EURUSD=X,turn_of_month_seasonality,0.5867066466766616,-0.2409087530385246,41.37931034482759,random / luck,104.0,False,162,0.025155279503105588,False,False,1.0
XLF,breakout_volume_momentum,0.587,-0.2707529715568403,41.3,random / luck,98.0,False,163,0.02531055900621118,False,False,1.0
THB=X,breakout_volume_momentum,0.5872,-0.2349783819402435,41.28,random / luck,201.0,False,164,0.02546583850931677,False,False,1.0
AUDUSD=X,trend_momentum_verification,0.5897051474262869,-0.291781349499512,41.07946026986507,random / luck,38.0,False,165,0.025621118012422364,False,False,1.0
ARKK,trend_pullback,0.59,-0.3640985555894567,41.0,random / luck,78.0,False,166,0.02577639751552795,False,False,1.0
GM,mean_reversion_vol_filter,0.600199900049975,-0.2449498888335161,40.02998500749625,random / luck,2.0,False,167,0.025931677018633543,False,False,1.0
ICLN,trend_pullback,0.6014999999999999,-0.3322134857073641,39.85,null-like / inconclusive,102.0,False,168,0.026086956521739132,False,False,1.0
ES=F,breakout_volume_momentum,0.6041979010494752,-0.3379652569427004,39.63018490754623,random / luck,86.0,False,169,0.026242236024844726,False,False,1.0
VTEB,random,0.6067864271457086,-0.2346923911210541,39.52095808383233,random / luck,90.0,True,170,0.026397515527950312,False,False,1.0
TQQQ,mean_reversion_vol_filter,0.6072785442911418,-0.1479247502409371,39.29214157168566,random / luck,2.0,False,171,0.026552795031055898,False,False,1.0
INTL,connors_rsi2_pullback,0.6106946526736632,-0.2506535303979523,38.980509745127435,random / luck,5.0,False,172,0.02670807453416149,False,False,1.0
EVLV,trend_pullback,0.6107784431137725,-0.3836830647361011,39.12175648702595,random / luck,57.0,False,173,0.02686335403726708,False,False,1.0
NQ=F,trend_momentum_verification,0.6146770645870826,-0.4447757110459759,38.552289542091586,random / luck,87.0,False,174,0.027018633540372674,False,False,1.0
SMH,mean_reversion_vol_filter,0.6265000000000001,-0.4216886279908066,37.35,likely random,107.0,False,175,0.02717391304347826,False,False,1.0
VTEB,breakout_volume_momentum,0.6287425149700598,-0.2747856169924132,37.3253493013972,random / luck,27.0,False,176,0.027329192546583853,False,False,1.0
SPY,volatility_squeeze_breakout,0.6306846576711644,-0.365900868185166,36.98150924537731,random / luck,30.0,False,177,0.027484472049689443,False,False,1.0
SPY,trend_momentum_verification,0.6326836581709145,-0.4927862542162476,36.7816091954023,random / luck,99.0,False,178,0.027639751552795036,False,False,1.0
AUDUSD=X,breakout_volume_momentum,0.6336831584207896,-0.3906227397017528,36.68165917041479,random / luck,30.0,False,179,0.027795031055900622,False,False,1.0
ICLN,mean_reversion_vol_filter,0.634,-0.4365064256985403,36.6,likely random,102.0,False,180,0.02795031055900621,False,False,1.0
INTL,adx_trend_following,0.6376811594202898,-0.3708203234304226,36.28185907046477,random / luck,13.0,False,181,0.0281055900621118,False,False,1.0
ARK,trend_pullback,0.6405000000000001,-0.0942592621621672,35.95,random / luck,36.0,False,182,0.02826086956521739,False,False,1.0
JPYUSD=X,breakout_volume_momentum,0.6461769115442278,-0.4796460927148107,35.43228385807096,random / luck,89.0,False,183,0.028416149068322984,False,False,1.0
GC=F,donchian_trend_reentry,0.646870625874825,-0.458855957331961,35.332933413317335,random / luck,60.0,False,184,0.02857142857142857,False,False,1.0
GM,random,0.6496751624187906,-0.5271910648395054,35.08245877061469,negative skill,130.0,True,185,0.028726708074534164,False,False,1.0
JPYUSD=X,mean_reversion_vol_filter,0.6511744127936032,-0.4346953636244683,34.93253373313343,random / luck,70.0,False,186,0.028881987577639753,False,False,1.0
XLF,trend_pullback,0.6525000000000001,-0.4147608057931904,34.75,random / luck,86.0,False,187,0.029037267080745346,False,False,1.0
USDC-USD,momentum_relative_strength,0.6586826347305389,-0.4452785737180276,34.3313373253493,random / luck,376.0,False,188,0.029192546583850933,False,False,1.0
GC=F,mean_reversion_vol_filter,0.6624675064987002,-0.4398660247927202,33.77324535092981,random / luck,13.0,False,189,0.029347826086956526,False,False,1.0
NQ=F,trend_pullback,0.6776644671065787,-0.5554205523538164,32.25354929014197,negative skill,119.0,False,190,0.029503105590062112,False,False,1.0
NQ=F,volatility_squeeze_breakout,0.6940611877624475,-0.5317942982691853,30.613877224555093,negative skill,19.0,False,191,0.0296583850931677,False,False,1.0
SPY,mean_reversion_vol_filter,0.6946526736631684,-0.5353694628737697,30.584707646176913,negative skill,16.0,False,192,0.029813664596273295,False,False,1.0
VXX,mean_reversion_vol_filter,0.695,-0.547718371365537,30.5,likely random,9.0,False,193,0.02996894409937888,False,False,1.0
TSM,trend_momentum_verification,0.6981509245377311,-0.5563331617571854,30.23488255872064,negative skill,93.0,False,194,0.030124223602484474,False,False,1.0
QQQ,donchian_trend_reentry,0.703648175912044,-0.5933716126391102,29.68515742128935,negative skill,94.0,False,195,0.030279503105590064,False,False,1.0
GC=F,random,0.710257948410318,-0.6446380482453019,28.994201159768046,negative skill,215.0,True,196,0.030434782608695657,False,False,1.0
ARKK,volatility_managed_tsmom,0.7115,-0.592574699097416,28.85,negative skill,31.0,False,197,0.030590062111801243,False,False,1.0
BTC-USD,uptrend_oversold_reversion,0.712143928035982,-0.6262569350680041,28.835582208895556,negative skill,32.0,False,198,0.030745341614906836,False,False,1.0
PLTR,mean_reversion_vol_filter,0.716,-0.5547892097601327,28.4,luck,2.0,False,199,0.030900621118012422,False,False,1.0
SMH,volatility_managed_tsmom,0.723,-0.6548718245741638,27.7,likely random,79.0,False,200,0.031055900621118012,False,False,1.0
NQ=F,breakout_volume_momentum,0.7236552689462108,-0.6664259837759221,27.65446910617876,negative skill,89.0,False,201,0.031211180124223605,False,False,1.0
GBPUSD=X,turn_of_month_seasonality,0.7271364317841079,-0.6051605061564069,27.33633183408296,negative skill,101.0,False,202,0.031366459627329195,False,False,1.0
DBA,random,0.7284999999999999,-0.6497256033863064,27.15,likely random,142.0,True,203,0.03152173913043479,False,False,1.0
FXI,mean_reversion_vol_filter,0.732253549290142,-0.6590837290821348,26.79464107178564,negative skill,53.0,False,204,0.031677018633540374,False,False,1.0
VOO,trend_momentum_verification,0.7351324337831084,-0.6898555642996507,26.536731634182907,negative skill,47.0,False,205,0.03183229813664597,False,False,1.0
GM,trend_momentum_verification,0.7376311844077961,-0.6828956827520432,26.286856571714143,negative skill,24.0,False,206,0.031987577639751553,False,False,1.0
RSPN,mean_reversion_vol_filter,0.7445109780439122,-0.6450864100437216,25.748502994011975,negative skill,21.0,False,207,0.03214285714285715,False,False,1.0
SMH,breakout_volume_momentum,0.745,-0.6902975093587504,25.5,likely random,89.0,False,208,0.03229813664596273,False,False,1.0
PLTR,volatility_managed_tsmom,0.7495,-0.7333674190099099,25.05,luck,15.0,False,209,0.03245341614906832,False,False,1.0
BTC-USD,random,0.7526236881559221,-0.4739102772573791,24.78760619690155,random / luck,155.0,True,210,0.03260869565217391,False,False,1.0
MTUM,random,0.7535000000000001,-0.7402411275297355,24.65,likely random,80.0,True,211,0.032763975155279505,False,False,1.0
GBPUSD=X,mean_reversion_vol_filter,0.7556221889055472,-0.6972326046030247,24.48775612193903,negative skill,46.0,False,212,0.0329192546583851,False,False,1.0
COIN,mean_reversion_vol_filter,0.756,-0.7329031492120905,24.4,negative skill,36.0,False,213,0.033074534161490685,False,False,1.0
TQQQ,breakout_volume_momentum,0.7640471905618876,-0.7280885514458694,23.61527694461108,negative skill,19.0,False,214,0.03322981366459628,False,False,1.0
HEI,breakout_volume_momentum,0.7684630738522954,-0.7189839118026535,23.353293413173652,negative skill,52.0,False,215,0.033385093167701864,False,False,1.0
INTL,breakout_volume_momentum,0.769615192403798,-0.6960742352058629,23.088455772113942,negative skill,12.0,False,216,0.03354037267080746,False,False,1.0
GBPUSD=X,connors_rsi2_pullback,0.769615192403798,-0.7518609223680524,23.088455772113942,negative skill,48.0,False,217,0.03369565217391304,False,False,1.0
DIA,breakout_volume_momentum,0.7792441511697661,-0.7850243387100918,22.095580883823235,negative skill,72.0,False,218,0.03385093167701863,False,False,1.0
VOO,random,0.7811094452773614,-0.7839093527872111,21.93903048475762,negative skill,135.0,True,219,0.03400621118012422,False,False,1.0
CL=F,connors_rsi2_pullback,0.7866426714657069,-0.765177942504047,21.355728854229152,negative skill,57.0,False,220,0.034161490683229816,False,False,1.0
NZDUSD=X,trend_pullback,0.7904,-0.8279660144396901,20.96,negative skill,322.0,False,221,0.03431677018633541,False,False,1.0
GBPUSD=X,adx_trend_following,0.7926036981509246,-0.8052984720598695,20.789605197401297,negative skill,48.0,False,222,0.034472049689440995,False,False,1.0
ARK,momentum_relative_strength,0.795,-0.0922093567041626,20.5,random / luck,87.0,False,223,0.03462732919254659,False,False,1.0
INTL,random,0.7951024487756122,-0.7741828633302986,20.539730134932537,negative skill,18.0,True,224,0.034782608695652174,False,False,1.0
XLF,mean_reversion_vol_filter,0.8005,-0.840063127300956,19.95,negative skill,34.0,False,225,0.03493788819875777,False,False,1.0
RKLB,random,0.8023952095808383,-0.7491782884947126,19.960079840319363,negative skill,90.0,True,226,0.035093167701863354,False,False,1.0
AAPL,mean_reversion_vol_filter,0.8060387922415517,-0.7316672273721923,19.41611677664467,negative skill,2.0,False,227,0.03524844720496895,False,False,1.0
QQQ,random,0.8105947026486756,-0.7504922565903865,18.990504747626183,negative skill,226.0,True,228,0.03540372670807453,False,False,1.0
TSM,trend_pullback,0.8130934532733634,-0.685394962981094,18.74062968515742,negative skill,107.0,False,229,0.035559006211180126,False,False,1.0
VOO,volatility_squeeze_breakout,0.8180909545227386,-0.89279210534864,18.24087956021989,negative skill,14.0,False,230,0.03571428571428572,False,False,1.0
GM,trend_pullback,0.8185907046476761,-0.8640493792670093,18.190904547726134,negative skill,57.0,False,231,0.035869565217391305,False,False,1.0
VXX,breakout_volume_momentum,0.8305,-0.7604901788683489,16.95,likely random,22.0,False,232,0.0360248447204969,False,False,1.0
EVLV,random,0.8323353293413174,-0.8868473489719303,16.966067864271455,negative skill,90.0,True,233,0.036180124223602485,False,False,1.0
NVAX,trend_momentum_verification,0.8375812093953023,-0.3856948840113435,16.291854072963517,random / luck,44.0,False,234,0.03633540372670808,False,False,1.0
XLF,momentum_relative_strength,0.838,-0.9620083797381828,16.2,negative skill,293.0,False,235,0.036490683229813664,False,False,1.0
SPY,adx_trend_following,0.84007996001999,-0.9206148267416931,16.041979010494753,negative skill,138.0,False,236,0.03664596273291926,False,False,1.0
ES=F,donchian_trend_reentry,0.841079460269865,-0.9505513632795328,15.942028985507244,negative skill,73.0,False,237,0.03680124223602484,False,False,1.0
BOTZ,volatility_managed_tsmom,0.8454999999999999,-1.008927080436489,15.45,likely random,24.0,False,238,0.03695652173913044,False,False,1.0
XLU,mean_reversion_vol_filter,0.850629874025195,-1.0195418169081971,14.957008598280344,negative skill,51.0,False,239,0.03711180124223603,False,False,1.0
SPY,donchian_trend_reentry,0.8515742128935532,-0.999666141515936,14.89255372313843,negative skill,103.0,False,240,0.037267080745341616,False,False,1.0
NVAX,random,0.8545727136431784,-0.1677594508992394,14.592703648175911,random / luck,281.0,True,241,0.03742236024844721,False,False,1.0
ES=F,trend_momentum_verification,0.8605697151424287,-1.0190717716841982,13.993003498250877,negative skill,77.0,False,242,0.037577639751552795,False,False,1.0
QQQ,volatility_squeeze_breakout,0.8615692153923038,-1.0621497841096206,13.893053473263366,negative skill,21.0,False,243,0.03773291925465839,False,False,1.0
BTC-USD,trend_pullback,0.8650674662668666,-0.5914126044683707,13.543228385807096,negative skill,54.0,False,244,0.037888198757763975,False,False,1.0
THB=X,random,0.8654,-1.0892230877901534,13.46,negative skill,361.0,True,245,0.03804347826086957,False,False,1.0
MTUM,volatility_managed_tsmom,0.8654999999999999,-1.0836320719159434,13.45,likely random,38.0,False,246,0.03819875776397516,False,False,1.0
AAPL,trend_momentum_verification,0.8664267146570686,-0.6069439327687617,13.377324535092985,negative skill,124.0,False,247,0.03835403726708075,False,False,1.0
VOO,adx_trend_following,0.8695652173913043,-1.0751173625385442,13.093453273363318,negative skill,73.0,False,248,0.03850931677018634,False,False,1.0
GC=F,trend_pullback,0.8700259948010398,-1.0315059362396548,13.01739652069586,negative skill,77.0,False,249,0.038664596273291926,False,False,1.0
THB=X,mean_reversion_vol_filter,0.8718,-1.1282597565147252,12.82,negative skill,93.0,False,250,0.03881987577639752,False,False,1.0
GBPUSD=X,random,0.8735632183908046,-1.0668982201396675,12.693653173413294,negative skill,210.0,True,251,0.038975155279503106,False,False,1.0
USDC-USD,random,0.8762475049900199,-1.1286019610332187,12.574850299401197,negative skill,364.0,True,252,0.0391304347826087,False,False,1.0
INTL,donchian_trend_reentry,0.8780609695152424,-1.1057620762798956,12.243878060969514,negative skill,7.0,False,253,0.039285714285714285,False,False,1.0
NZDUSD=X,breakout_volume_momentum,0.881,-1.1634241022114715,11.9,negative skill,230.0,False,254,0.03944099378881988,False,False,1.0
VOO,breakout_volume_momentum,0.8810594702648675,-1.129172701462234,11.944027986006995,negative skill,56.0,False,255,0.03959627329192547,False,False,1.0
AMD,random,0.8842315369261478,-1.0632301166711782,11.776447105788424,negative skill,90.0,True,256,0.03975155279503106,False,False,1.0
ES=F,adx_trend_following,0.8855572213893054,-1.1009769295497025,11.494252873563218,negative skill,92.0,False,257,0.03990683229813665,False,False,1.0
RSPN,trend_pullback,0.8902195608782435,-1.1970563552611482,11.177644710578845,negative skill,59.0,False,258,0.04006211180124224,False,False,1.0
GM,adx_trend_following,0.8910544727636182,-1.0349041512164692,10.944527736131937,negative skill,37.0,False,259,0.04021739130434783,False,False,1.0
AMD,trend_pullback,0.8922155688622755,-1.1494297580436943,10.978043912175648,negative skill,57.0,False,260,0.040372670807453416,False,False,1.0
TSM,breakout_volume_momentum,0.8930534732633684,-0.8585778815974906,10.74462768615692,negative skill,116.0,False,261,0.04052795031055901,False,False,1.0
NQ=F,adx_trend_following,0.8942211557688462,-1.0677044559864075,10.597880423915216,negative skill,108.0,False,262,0.040683229813664595,False,False,1.0
RSPN,random,0.8982035928143712,-1.2654345543970256,10.379241516966069,negative skill,88.0,True,263,0.04083850931677019,False,False,1.0
MRNA,momentum_relative_strength,0.902619476104779,-0.1873053217268941,9.758048390321935,random / luck,296.0,False,264,0.04099378881987578,False,False,1.0
SMH,trend_pullback,0.903,-1.023020971441948,9.7,likely random,262.0,False,265,0.041149068322981375,False,False,1.0
SNAP,breakout_volume_momentum,0.906187624750499,-1.1163397785399976,9.580838323353294,negative skill,77.0,False,266,0.04130434782608696,False,False,1.0
NQ=F,donchian_trend_reentry,0.9122175564887024,-1.1424585990087497,8.798240351929614,negative skill,87.0,False,267,0.04145962732919255,False,False,1.0
MTUM,trend_pullback,0.9195,-1.266529716652998,8.05,likely random,140.0,False,268,0.04161490683229814,False,False,1.0
NVDA,trend_pullback,0.9240379810094952,-0.5309604123777896,7.646176911544228,negative skill,100.0,False,269,0.041770186335403726,False,False,1.0
JPYUSD=X,random,0.9280359820089956,-1.303497274136097,7.246376811594203,negative skill,279.0,True,270,0.04192546583850932,False,False,1.0
PLTR,breakout_volume_momentum,0.929,-1.137405326329117,7.1,luck,25.0,False,271,0.042080745341614906,False,False,1.0
DIA,momentum_relative_strength,0.93001399720056,-1.0382164248776429,7.018596280743851,negative skill,222.0,False,272,0.0422360248447205,False,False,1.0
FXI,random,0.9348130373925216,-1.0551907852031437,6.53869226154769,negative skill,137.0,True,273,0.04239130434782609,False,False,1.0
GM,breakout_volume_momentum,0.9400299850074962,-1.168123577005758,6.046976511744128,negative skill,69.0,False,274,0.042546583850931685,False,False,1.0
NZDUSD=X,momentum_relative_strength,0.9402,-1.4918766931305656,5.9799999999999995,negative skill,410.0,False,275,0.04270186335403727,False,False,1.0
TSM,random,0.942528735632184,-0.6845215213788577,5.797101449275362,negative skill,250.0,True,276,0.04285714285714286,False,False,1.0
DIA,trend_momentum_verification,0.9432113577284544,-1.284391246400371,5.698860227954409,negative skill,88.0,False,277,0.04301242236024845,False,False,1.0
FXI,momentum_relative_strength,0.944011197760448,-0.512740738399493,5.618876224755049,negative skill,205.0,False,278,0.04316770186335404,False,False,1.0
TQQQ,trend_pullback,0.9462107578484305,-1.0413490581394802,5.398920215956808,negative skill,92.0,False,279,0.04332298136645963,False,False,1.0
ETH-USD,mean_reversion_vol_filter,0.9472105578884225,-1.5384138745032552,5.298940211957608,negative skill,4.0,False,280,0.043478260869565216,False,False,1.0
VTEB,mean_reversion_vol_filter,0.9481037924151696,-1.5848495677696306,5.389221556886228,negative skill,29.0,False,281,0.04363354037267081,False,False,1.0
NVDA,breakout_volume_momentum,0.9495252373813092,-0.6444365762942554,5.097451274362818,negative skill,123.0,False,282,0.0437888198757764,False,False,1.0
GBPUSD=X,donchian_trend_reentry,0.9495252373813092,-1.6428444287545338,5.097451274362818,negative skill,24.0,False,283,0.043944099378881996,False,False,1.0
TQQQ,trend_momentum_verification,0.9496100779844032,-0.8848821922874355,5.0589882023595285,negative skill,54.0,False,284,0.04409937888198758,False,False,1.0
TQQQ,momentum_relative_strength,0.951009798040392,-0.515053851591252,4.919016196760648,negative skill,152.0,False,285,0.04425465838509317,False,False,1.0
QQQ,mean_reversion_vol_filter,0.9515242378810594,-1.779429768787945,4.897551224387806,negative skill,4.0,False,286,0.04440993788819876,False,False,1.0
NZDUSD=X,random,0.952,-1.6042917213004504,4.8,negative skill,367.0,True,287,0.04456521739130435,False,False,1.0
ETH-USD,trend_pullback,0.9582083583283344,-1.0810880985913165,4.199160167966406,negative skill,54.0,False,288,0.04472049689440994,False,False,1.0
XLU,momentum_relative_strength,0.9588082383523296,-1.0514695855078977,4.139172165566887,negative skill,233.0,False,289,0.04487577639751553,False,False,1.0
CL=F,random,0.9592081583683264,-0.772135090526851,4.0991801639672065,negative skill,226.0,True,290,0.04503105590062112,False,False,1.0
EVLV,momentum_relative_strength,0.9620758483033932,-0.5139611315952421,3.992015968063872,negative skill,304.0,False,291,0.04518633540372671,False,False,1.0
VG,momentum_relative_strength,0.9620758483033932,-0.5138224767518037,3.992015968063872,negative skill,304.0,False,292,0.045341614906832306,False,False,1.0
RSPN,momentum_relative_strength,0.9620758483033932,-0.5138695543846583,3.992015968063872,negative skill,304.0,False,293,0.04549689440993789,False,False,1.0
SNAP,momentum_relative_strength,0.9620758483033932,-0.5139354094372804,3.992015968063872,negative skill,304.0,False,294,0.04565217391304348,False,False,1.0
HEI,momentum_relative_strength,0.9620758483033932,-0.5140510035320941,3.992015968063872,negative skill,304.0,False,295,0.04580745341614907,False,False,1.0
AMD,momentum_relative_strength,0.9620758483033932,-0.514049965457291,3.992015968063872,negative skill,304.0,False,296,0.04596273291925466,False,False,1.0
VTEB,momentum_relative_strength,0.9620758483033932,-0.5139101372418631,3.992015968063872,negative skill,304.0,False,297,0.04611801242236025,False,False,1.0
RKLB,momentum_relative_strength,0.9620758483033932,-0.5138070390051078,3.992015968063872,negative skill,304.0,False,298,0.04627329192546584,False,False,1.0
ICLN,random,0.9625,-1.439402659780174,3.75,likely random,134.0,True,299,0.04642857142857143,False,False,1.0
BOTZ,mean_reversion_vol_filter,0.9645,-1.5694507925968213,3.55,likely random,33.0,False,300,0.04658385093167702,False,False,1.0
NVAX,breakout_volume_momentum,0.9645177411294352,-0.2291722464467174,3.598200899550225,random / luck,115.0,False,301,0.046739130434782616,False,False,1.0
ARKK,mean_reversion_vol_filter,0.971,-1.6532422326915623,2.9,negative skill,26.0,False,302,0.0468944099378882,False,False,1.0
USDJPY=X,trend_pullback,0.9714057188562288,-1.7548697410224454,2.8794241151769646,negative skill,119.0,False,303,0.047049689440993796,False,False,1.0
GBPUSD=X,breakout_volume_momentum,0.9735132433783108,-1.801830485710208,2.6986506746626686,negative skill,40.0,False,304,0.04720496894409938,False,False,1.0
USDC-USD,breakout_volume_momentum,0.9780439121756488,-2.1160541921820313,2.3952095808383236,negative skill,42.0,False,305,0.04736024844720497,False,False,1.0
XLU,breakout_volume_momentum,0.99000199960008,-1.7424845591166185,1.0197960407918416,negative skill,86.0,False,306,0.04751552795031056,False,False,1.0
GM,volatility_squeeze_breakout,0.993503248375812,-2.2115300852545423,0.6996501749125438,negative skill,11.0,False,307,0.04767080745341615,False,False,1.0
JPYUSD=X,momentum_relative_strength,0.9960019990004998,-1.6268654645957503,0.4497751124437781,negative skill,525.0,False,308,0.04782608695652174,False,False,1.0
THB=X,momentum_relative_strength,0.9966,-2.533444853845079,0.3399999999999999,negative skill,514.0,False,309,0.047981366459627334,False,False,1.0
ARK,breakout_volume_momentum,0.997,-0.1469728951536247,0.3,random / luck,29.0,False,310,0.04813664596273293,False,False,1.0
VXX,trend_pullback,0.9985,-1.7130318159496147,0.15,likely random,17.0,False,311,0.04829192546583851,False,False,1.0
ARK,random,0.999,-0.1157194774498785,0.1,random / luck,52.0,True,312,0.048447204968944106,False,False,1.0
AAPL,breakout_volume_momentum,0.999000199960008,-0.666848666504235,0.1199760047990401,negative skill,235.0,False,313,0.04860248447204969,False,False,1.0
AAPL,trend_pullback,0.9992001599680064,-0.6052838738379389,0.0999800039992001,negative skill,176.0,False,314,0.04875776397515528,False,False,1.0
TSM,momentum_relative_strength,0.9995002498750624,-0.0559685104680311,0.0999500249875062,random / luck,1224.0,False,315,0.04891304347826087,False,False,1.0
VXX,volatility_managed_tsmom,1.0,-2.61469823626176,0.0,likely random,4.0,False,316,0.04906832298136646,False,False,1.0
AAPL,momentum_relative_strength,1.0,-0.0706899813943086,0.01999600079984,random / luck,1548.0,False,317,0.04922360248447205,False,False,1.0
USDC-USD,trend_pullback,1.0,-10.360456444687085,0.1996007984031935,negative skill,1032.0,False,318,0.049378881987577644,False,False,1.0
NVAX,momentum_relative_strength,1.0,-0.0263584569698589,0.0499750124937531,random / luck,1335.0,False,319,0.04953416149068324,False,False,1.0
NVDA,momentum_relative_strength,1.0,-0.232917934689389,0.0499750124937531,random / luck,1561.0,False,320,0.04968944099378882,False,False,1.0
NVDA,random,1.0,-0.6929738451577183,0.0499750124937531,negative skill,150.0,True,321,0.04984472049689442,False,False,1.0
AAPL,random,1.0,-0.8192320687399332,0.01999600079984,negative skill,165.0,True,322,0.05,False,False,1.0
