alpha,seed,actual,mean_sim,p_value,percentile,RCSI,RCSI_z,verdict,n_sim
0.0,0,0.017601957860210946,0.006375846960595464,0.10937812437512498,89.08218356328734,0.01122611089961548,1.211503470061894,Weak,5000
0.0,1,0.022159085963324894,0.007282323713781454,0.05858828234353129,94.16116776644671,0.01487676224954344,1.5737920403815444,Weak,5000
0.0,2,3.9603436099377984e-05,0.007138818508066112,0.7826434713057389,21.755648870225954,-0.007099215071966734,-0.7684843609205436,Below null median,5000
0.0,3,0.007924819377296888,0.007328852629813038,0.47310537892421517,52.70945810837833,0.0005959667474838498,0.06496591478025525,Random / luck,5000
0.0,4,0.0034571910165375965,0.006418223977984727,0.6318736252749451,36.832633473305336,-0.0029610329614471304,-0.32901648243398607,Random / luck,5000
0.0,5,0.02060489552354619,0.007346185699975851,0.07558488302339532,92.46150769846031,0.01325870982357034,1.4288822110646338,Weak,5000
0.0,6,0.015930266175605043,0.006828650364992093,0.15796840631873627,84.22315536892621,0.009101615810612949,0.9882674405820141,Weak,5000
0.0,7,0.014490510309458885,0.007221247464760083,0.20975804839032194,79.04419116176766,0.0072692628446988025,0.7814312944164901,Random / luck,5000
0.0,8,0.008826464710814073,0.007288359732396775,0.4305138972205559,56.96860627874425,0.0015381049784172988,0.16626844592455253,Random / luck,5000
0.0,9,0.016986870490075873,0.007519567505574676,0.15216956608678264,84.80303939212158,0.009467302984501196,1.0174281236408582,Weak,5000
0.0,10,0.00509110311955096,0.0075197372851345395,0.6014797040591882,39.87202559488102,-0.0024286341655835797,-0.2547075864142184,Random / luck,5000
0.0,11,0.015091614201006864,0.006677576229309559,0.1807638472305539,81.94361127774445,0.008414037971697305,0.9096801079687907,Weak,5000
0.0,12,0.0025926158732084044,0.005996526469264431,0.6452709458108379,35.492901419716055,-0.003403910596056027,-0.3661969438398339,Random / luck,5000
0.0,13,0.026331220370354683,0.00721649502704568,0.020795840831833633,97.94041191761647,0.019114725343309005,2.0407101188280836,Strong,5000
0.0,14,0.010635445908803673,0.00651190599991679,0.33253349330133974,66.76664667066586,0.004123539908886883,0.4506937080892003,Random / luck,5000
0.0,15,0.01997264308377659,0.007007310028744577,0.07718456308738253,92.30153969206158,0.012965333055032014,1.4106576001582845,Weak,5000
0.0,16,0.009512813129244043,0.006605618119734965,0.3745250949810038,62.56748650269947,0.002907195009509078,0.31502615755995167,Random / luck,5000
0.0,17,0.019961262399945317,0.006742018529423842,0.07858428314337132,92.1615676864627,0.013219243870521475,1.4415253167193325,Weak,5000
0.0,18,0.017713475110208963,0.007277636254986129,0.1251749650069986,87.50249950009999,0.010435838855222833,1.1391604465014813,Weak,5000
0.0,19,0.009551364108284848,0.005872125303312908,0.3375324935012997,66.26674665066986,0.0036792388049719394,0.4004839009857308,Random / luck,5000
0.0,20,0.004286680435895754,0.007481887210926092,0.6360727854429115,36.412717456508695,-0.0031952067750303384,-0.345757526220991,Random / luck,5000
0.0,21,0.015677394199718756,0.007044765344439102,0.17116576684663068,82.90341931613678,0.008632628855279654,0.9334075677250616,Weak,5000
0.0,22,-0.0003104207451593633,0.007626806511042777,0.8062387522495501,19.39612077584483,-0.007937227256202141,-0.8643638401909433,Below null median,5000
0.0,23,0.003538614862761408,0.007608107706294433,0.6638672265546891,33.633273345330934,-0.004069492843533025,-0.43679479426398665,Random / luck,5000
0.0,24,0.0022495720002451464,0.0075627961768844326,0.7268546290741852,27.334533093381324,-0.005313224176639287,-0.5869128072519034,Below null median,5000
0.0,25,0.019147204856666326,0.006890662115307194,0.09418116376724656,90.60187962407518,0.012256542741359133,1.3101756724955034,Weak,5000
0.0,26,-0.0009493064935117172,0.00677353413718447,0.7990401919616077,20.11597680463907,-0.007722840630696187,-0.81829568079542,Below null median,5000
0.0,27,0.02913904446363367,0.007349289049297218,0.009798040391921616,99.04019196160768,0.02178975541433645,2.367837963441545,Strong,5000
0.0,28,-4.936646152168247e-05,0.006861822664678853,0.7728454309138172,22.735452909418115,-0.006911189126200535,-0.750603523813794,Below null median,5000
0.0,29,0.004362347081777359,0.0071562065118142126,0.618876224755049,38.132373525294945,-0.0027938594300368534,-0.30271139872463426,Random / luck,5000
0.0,30,0.004009691843287344,0.007201173749012973,0.6356728654269146,36.45270945810838,-0.0031914819057256294,-0.3425870561053702,Random / luck,5000
0.0,31,0.016299408226749326,0.007252343577417666,0.15996800639872025,84.02319536092782,0.009047064649331658,0.9792420499656185,Weak,5000
0.0,32,0.013002389434763461,0.007744492526527212,0.2917416516696661,70.84583083383323,0.005257896908236249,0.5521778002319896,Random / luck,5000
0.0,33,0.004095627781499026,0.007171258192880529,0.6390721855628875,36.112777444511096,-0.003075630411381503,-0.3262640908741989,Random / luck,5000
0.0,34,-0.005998725096513181,0.006069211629446425,0.9082183563287343,9.198160367926416,-0.012067936725959606,-1.3092217061713882,Below null median,5000
0.0,35,0.003344092862701102,0.008092848224391741,0.6900619876024795,31.013797240551888,-0.00474875536169064,-0.4858269998191012,Random / luck,5000
0.0,36,0.0012675546742004125,0.006750325836576565,0.727254549090182,27.294541091781642,-0.0054827711623761525,-0.5934983463899591,Below null median,5000
0.0,37,-0.00012902390977161557,0.0076243552690526215,0.7880423915216956,21.215756848630274,-0.007753379178824237,-0.808217877459513,Below null median,5000
0.0,38,0.017317975744520046,0.007209085042522698,0.13937212557488501,86.08278344331134,0.010108890701997348,1.0874973682157782,Weak,5000
0.0,39,0.007123619054104931,0.007290523106066681,0.5070985802839432,49.31013797240552,-0.00016690405196174984,-0.018089364724868898,Random / luck,5000
0.0,40,0.007334759556046604,0.006826937451866617,0.48570285942811436,51.449710057988405,0.0005078221041799873,0.05504978620943817,Random / luck,5000
0.0,41,0.006808257321679697,0.007822502797440612,0.5380923815236952,46.21075784843031,-0.0010142454757609155,-0.10756377596901409,Random / luck,5000
0.0,42,0.007925656089836728,0.006999983877202014,0.46550689862027594,53.46930613877225,0.0009256722126347143,0.09874620414981468,Random / luck,5000
0.0,43,0.012270961526095392,0.007941637739436834,0.3239352129574085,67.626474705059,0.004329323786658557,0.4640636999996119,Random / luck,5000
0.0,44,0.021852432067084353,0.006320707552103054,0.051989602079584085,94.82103579284143,0.0155317245149813,1.6373516477518104,Weak,5000
0.0,45,-0.006134367720130096,0.007072021369633174,0.9200159968006398,8.018396320735853,-0.01320638908976327,-1.4020837797622858,Below null median,5000
0.0,46,0.012028121307335536,0.007384197574070222,0.3087382523495301,69.14617076584683,0.004643923733265314,0.4956834275292094,Random / luck,5000
0.0,47,-0.0061754739382153135,0.006117546049133183,0.9102179564087183,8.998200359928015,-0.012293019987348497,-1.3357966472634584,Below null median,5000
0.0,48,0.011250513116259351,0.007887404314212733,0.36172765446910615,63.847230553889226,0.0033631088020466184,0.36281738798164104,Random / luck,5000
0.0,49,-0.007904982024387002,0.007164768536671761,0.9534093181363728,4.679064187162568,-0.015069750561058763,-1.6225424754767455,Below null median,5000
0.0,50,0.01351799562463931,0.0078047108984013805,0.27034593081383723,72.98540291941612,0.00571328472623793,0.5997605374721887,Random / luck,5000
0.0,51,-0.002566143703494697,0.00696121127528061,0.852629474105179,14.757048590281943,-0.009527354978775307,-1.0453934624240129,Below null median,5000
0.0,52,0.015160638123336604,0.005891906952874706,0.16036792641471706,83.98320335932813,0.009268731170461897,0.985079053095264,Weak,5000
0.0,53,0.020249864353299056,0.007260213695299835,0.08298340331933614,91.72165566886623,0.012989650657999221,1.3797189717071916,Weak,5000
0.0,54,0.01949392637405935,0.007434354042293563,0.10277944411117776,89.74205158968206,0.012059572331765788,1.2749285421526133,Weak,5000
0.0,55,-0.001720424517468543,0.006645030411586943,0.8138372325534893,18.63627274545091,-0.008365454929055487,-0.8905198244776319,Below null median,5000
0.0,56,0.002670731084207654,0.007032732806987904,0.6888622275544891,31.13377324535093,-0.0043620017227802505,-0.47745432310422453,Random / luck,5000
0.0,57,0.003036104043989252,0.005997560609153115,0.6286742651469706,37.152569486102784,-0.002961456565163863,-0.31416422187379095,Random / luck,5000
0.0,58,0.0028856780487423643,0.007070155345166916,0.6720655868826235,32.81343731253749,-0.004184477296424551,-0.45077494428054177,Random / luck,5000
0.0,59,-0.011706195089993106,0.006070774413514974,0.9734053189362127,2.6794641071785645,-0.01777696950350808,-1.9434835745108714,Below null median,5000
0.0,60,0.014158260905615195,0.005745772408146763,0.17976404719056188,82.04359128174366,0.008412488497468432,0.9067306593647078,Weak,5000
0.0,61,0.0003992896057107308,0.007233541785358935,0.7732453509298141,22.695460907818436,-0.006834252179648204,-0.7324044559719017,Below null median,5000
0.0,62,0.007410874819299865,0.006993236684725338,0.4851029794041192,51.50969806038792,0.0004176381345745274,0.04490540646795301,Random / luck,5000
0.0,63,-0.0027633710330497007,0.007021371050163542,0.8480303939212157,15.216956608678265,-0.009784742083213243,-1.0265953305996052,Below null median,5000
0.0,64,0.018038677811408842,0.007534539566982877,0.1285742851429714,87.1625674865027,0.010504138244425965,1.125901168948034,Weak,5000
0.0,65,-0.014803418247373728,0.007522282208215735,0.9932013597280543,0.6998600279944012,-0.022325700455589462,-2.4058592382009856,Below null median,5000
0.0,66,-0.0003113831355388284,0.006407184172347908,0.772245550889822,22.795440911817636,-0.006718567307886737,-0.7220719500069327,Below null median,5000
0.0,67,-0.00938089914611454,0.006620727593427341,0.9554089182163568,4.4791041791641675,-0.01600162673954188,-1.7010881409089698,Below null median,5000
0.0,68,-0.003096499554869224,0.005813741090060384,0.831633673265347,16.85662867426515,-0.008910240644929608,-0.9486744203676163,Below null median,5000
0.0,69,-0.011610943924415364,0.006541002520410527,0.976004799040192,2.4195160967806437,-0.01815194644482589,-1.9851622837817604,Below null median,5000
0.0,70,0.004609147200177345,0.007802639938705107,0.6256748650269947,37.452509498100376,-0.0031934927385277615,-0.32819911861951195,Random / luck,5000
0.0,71,0.0017101863562165056,0.007437371003086825,0.7202559488102379,27.994401119776047,-0.005727184646870319,-0.6035930850611537,Below null median,5000
0.0,72,0.017617598452057577,0.006962986419481497,0.1281743651269746,87.20255948810238,0.01065461203257608,1.1518673224123963,Weak,5000
0.0,73,0.02024833169603153,0.006350513328945741,0.0661867626474705,93.40131973605278,0.013897818367085788,1.5168532948980633,Weak,5000
0.0,74,-0.002430694101866777,0.008331457648006637,0.874625074985003,12.557488502299542,-0.010762151749873414,-1.1561615913556298,Below null median,5000
0.0,75,0.00934626003383143,0.007039913289864876,0.3997200559888022,60.04799040191961,0.002306346743966553,0.250826665976771,Random / luck,5000
0.0,76,0.0024114847522125923,0.0066142311397305404,0.6818636272745451,31.83363327334533,-0.0042027463875179485,-0.4664016990633722,Random / luck,5000
0.0,77,0.00480234827819471,0.006055032046994299,0.5498900219956009,45.03099380123975,-0.0012526837687995892,-0.13523948690909018,Random / luck,5000
0.0,78,0.011638180556020089,0.006731319462665201,0.3105378924215157,68.96620675864827,0.004906861093354888,0.5093410203369124,Random / luck,5000
0.0,79,0.004363822432825591,0.0069140792132159476,0.6126774645070986,38.752249550089985,-0.0025502567803903564,-0.27526423162326297,Random / luck,5000
0.0,80,0.008632332201599065,0.007160465926711885,0.4407118576284743,55.94881023795241,0.0014718662748871804,0.1565544151553089,Random / luck,5000
0.0,81,0.006430807601476138,0.0072746985877541566,0.5386922615476905,46.15076984603079,-0.0008438909862780184,-0.0912048300944564,Random / luck,5000
0.0,82,0.00996744881998161,0.007292378154823623,0.3767246550689862,62.34753049390122,0.0026750706651579876,0.2885441688924232,Random / luck,5000
0.0,83,0.009703185519666022,0.00736918718120199,0.40071985602879423,59.94801039792041,0.0023339983384640314,0.25105987283679837,Random / luck,5000
0.0,84,0.0005218583102560124,0.0070078952649749214,0.7614477104579084,23.875224955008996,-0.006486036954718909,-0.7090448747721634,Below null median,5000
0.0,85,0.027587796727159313,0.006033723875526418,0.010397920415916816,98.98020395920815,0.021554072851632897,2.2846820248024944,Strong,5000
0.0,86,0.018025612416360467,0.006471620820598433,0.10917816436712657,89.10217956408718,0.011553991595762033,1.221390021755024,Weak,5000
0.0,87,0.0019327274399870825,0.006054460159305729,0.6730653869226155,32.71345730853829,-0.004121732719318647,-0.45073198479360654,Random / luck,5000
0.0,88,0.005299090342651929,0.006557046265291663,0.5576884623075385,44.25114977004599,-0.0012579559226397344,-0.13247294767890466,Random / luck,5000
0.0,89,0.006287210196814238,0.006075969563944557,0.48930213957208557,51.08978204359128,0.00021124063286968083,0.02267046151877502,Random / luck,5000
0.0,90,0.003764760079935792,0.0071694714728235895,0.6474705058988203,35.27294541091781,-0.0034047113928877973,-0.38379259464120397,Random / luck,5000
0.0,91,0.016025592296945314,0.007085483712396747,0.15836832633473305,84.18316336732653,0.008940108584548568,0.9777878973372623,Weak,5000
0.0,92,-0.002101465467237401,0.007147032458750318,0.8400319936012798,16.016796640671867,-0.009248497925987718,-0.9956808329641634,Below null median,5000
0.0,93,0.007636205651460189,0.007429475065262335,0.4981003799240152,50.209958008398324,0.00020673058619785373,0.022008425321368978,Random / luck,5000
0.0,94,0.0030525376403727753,0.00700683503744616,0.6592681463707258,34.093181363727254,-0.003954297397073385,-0.42927389751899303,Random / luck,5000
0.0,95,0.005722413991016494,0.006200789340821764,0.5220955808838232,47.81043791241751,-0.0004783753498052703,-0.05136422377803015,Random / luck,5000
0.0,96,0.0012270295612763263,0.007429204465890757,0.7514497100579884,24.875024995001,-0.0062021749046144315,-0.6715634494080029,Below null median,5000
0.0,97,0.01422406201699134,0.006606176614612522,0.20675864827034593,79.34413117376525,0.007617885402378817,0.8303848753060157,Random / luck,5000
0.0,98,-0.006907235990387187,0.006925253654875199,0.9350129974005199,6.51869626074785,-0.013832489645262385,-1.509662285166085,Below null median,5000
0.0,99,-0.0018041837234488679,0.007091303063186259,0.8262347530493901,17.39652069586083,-0.008895486786635128,-0.9467936883116843,Below null median,5000
0.2,0,0.0136519214678698,0.006707552820054741,0.21975604879024196,78.04439112177565,0.006944368647815058,0.7578146371044814,Random / luck,5000
0.2,1,0.01503552038277653,0.007217668102636689,0.1959608078384323,80.42391521695662,0.00781785228013984,0.8579932403785189,Weak,5000
0.2,2,0.029625990017539083,0.005913318746038583,0.0061987602479504095,99.4001199760048,0.0237126712715005,2.5449411950092897,Strong,5000
0.2,3,0.010685916947078204,0.0075366053992600626,0.3629274145170966,63.72725454909018,0.0031493115478181417,0.3370196805651242,Random / luck,5000
0.2,4,0.019697656583732816,0.007422479165246363,0.09598080383923216,90.42191561687662,0.012275177418486454,1.324303306148046,Weak,5000
0.2,5,0.011505045611148011,0.007513478753858243,0.33633273345330933,66.38672265546892,0.003991566857289768,0.4266112595753567,Random / luck,5000
0.2,6,0.03785317996258316,0.007031289938854655,0.0015996800639872025,99.86002799440112,0.030821890023728503,3.2570693127029795,Strong,5000
0.2,7,0.026678622488884748,0.007240249671097877,0.01859628074385123,98.16036792641472,0.019438372817786872,2.091330872703486,Strong,5000
0.2,8,0.0329906217254181,0.007791790509971557,0.005398920215956809,99.48010397920416,0.02519883121544654,2.635178644880731,Strong,5000
0.2,9,0.022915900722637036,0.007032620354490686,0.04239152169566087,95.78084383123375,0.01588328036814635,1.7175425117699858,Moderate,5000
0.2,10,0.023823170838760448,0.007767782291105931,0.04259148170365927,95.76084783043392,0.016055388547654516,1.6948922706787855,Moderate,5000
0.2,11,0.03788970346896533,0.0066320528569673385,0.0005998800239952009,99.96000799840033,0.03125765061199799,3.355136599483306,Strong,5000
0.2,12,0.006161314431234366,0.0061404232002424996,0.48930213957208557,51.08978204359128,2.0891230991866572e-05,0.00223768237047455,Random / luck,5000
0.2,13,0.026213342063832717,0.007234246413803346,0.01979604079184163,98.04039192161568,0.018979095650029372,2.0494076428084904,Strong,5000
0.2,14,0.031361096618874,0.006840295492107357,0.0033993201359728054,99.68006398720256,0.02452080112676664,2.6425303994266556,Strong,5000
0.2,15,0.0129475741423639,0.006108880122110135,0.23055388922215556,76.96460707858428,0.006838694020253765,0.7370951048370982,Random / luck,5000
0.2,16,0.014340180538677577,0.005788337250879509,0.17536492701459708,82.48350329934013,0.008551843287798068,0.9149215149942059,Weak,5000
0.2,17,0.020887932286508187,0.007544260057301364,0.07778444311137772,92.24155168966207,0.013343672229206823,1.4212722361298222,Weak,5000
0.2,18,0.024011134050387902,0.007019518890942692,0.03059388122375525,96.96060787842431,0.01699161515944521,1.8691242440507507,Moderate,5000
0.2,19,0.02031652538834384,0.006976359998552442,0.07098580283943211,92.92141571685663,0.0133401653897914,1.459805305203661,Weak,5000
0.2,20,0.006229311638646897,0.007865300960198897,0.5634873025394921,43.67126574685063,-0.0016359893215519995,-0.17610732137143725,Random / luck,5000
0.2,21,0.005939464215930314,0.0075105984619049625,0.5618876224755049,43.83123375324935,-0.0015711342459746487,-0.15692378792291667,Random / luck,5000
0.2,22,0.012403580479005347,0.007096165708828038,0.28494301139772044,71.5256948610278,0.005307414770177309,0.5592823783182003,Random / luck,5000
0.2,23,0.023345636573030615,0.007121917030755891,0.04599080183963208,95.42091581683664,0.016223719542274723,1.7259452493061107,Moderate,5000
0.2,24,0.0135643540499031,0.00789404620923555,0.2715456908618276,72.86542691461707,0.005670307840667549,0.6166119106672091,Random / luck,5000
0.2,25,0.019826225500843724,0.007345156487970334,0.09018196360727855,91.001799640072,0.01248106901287339,1.3417261398571658,Weak,5000
0.2,26,0.0028318943325615986,0.0070868902352841335,0.6778644271145771,32.23355328934213,-0.004254995902722535,-0.45793275057316246,Random / luck,5000
0.2,27,0.01459174015522874,0.0062737631506811775,0.1841631673665267,81.60367926414716,0.008317977004547563,0.8794943331296231,Weak,5000
0.2,28,0.03000807162682033,0.007148439553794323,0.008398320335932814,99.18016396720655,0.022859632073026007,2.4216653621539965,Strong,5000
0.2,29,0.020436962775735538,0.006054332807507881,0.0653869226154769,93.48130373925216,0.014382629968227657,1.5372998421579018,Weak,5000
0.2,30,0.03301860973762354,0.006648307916882791,0.002999400119976005,99.72005598880223,0.026370301820740752,2.889484810281975,Strong,5000
0.2,31,0.034624838539317485,0.006480605241993744,0.001799640071985603,99.84003199360127,0.02814423329732374,2.943370740976206,Strong,5000
0.2,32,0.01333887524105329,0.006818612881382772,0.23555288942211558,76.46470705858827,0.006520262359670518,0.7033039673257553,Random / luck,5000
0.2,33,0.023361797220812868,0.006622675626094846,0.03219356128774245,96.8006398720256,0.01673912159471802,1.826042380981634,Moderate,5000
0.2,34,0.034855186001609674,0.006687893706890728,0.001799640071985603,99.84003199360127,0.028167292294718947,3.0273556805873323,Strong,5000
0.2,35,0.03277865207345879,0.006792955093173274,0.003199360127974405,99.7000599880024,0.02598569698028552,2.785469722392644,Strong,5000
0.2,36,0.019362719115042445,0.006247785513920654,0.07538492301539693,92.48150369926014,0.01311493360112179,1.4442987953430135,Weak,5000
0.2,37,0.02542349485323455,0.007434797364066708,0.02959408118376325,97.0605878824235,0.017988697489167843,1.8562478546003014,Moderate,5000
0.2,38,0.023058573365955983,0.007233692741064596,0.03959208158368326,96.06078784243152,0.015824880624891388,1.730916750380432,Moderate,5000
0.2,39,0.006058999752855219,0.006394857923684397,0.5222955408918216,47.79044191161768,-0.0003358581708291777,-0.037173450672870284,Random / luck,5000
0.2,40,0.03862719534286336,0.007122191674173558,0.0009998000399920016,99.92001599680064,0.0315050036686898,3.4575444075646433,Strong,5000
0.2,41,0.01476826264010552,0.0075190604961432005,0.20935812837432513,79.08418316336733,0.007249202143962319,0.7885810007012323,Random / luck,5000
0.2,42,0.0182930131598638,0.0068841098436787295,0.11657668466306739,88.3623275344931,0.01140890331618507,1.2150091455182044,Weak,5000
0.2,43,0.01815360698596947,0.007294753681104421,0.11757648470305938,88.2623475304939,0.010858853304865048,1.1876319786859768,Weak,5000
0.2,44,0.02013664352115653,0.007586053245223724,0.08518296340731854,91.50169966006798,0.012550590275932806,1.3944734906520992,Weak,5000
0.2,45,0.020213872582439295,0.00778179553884178,0.09278144371125775,90.74185162967406,0.012432077043597514,1.3023380861713982,Weak,5000
0.2,46,0.036863078967045444,0.007002372307132438,0.0007998400319936012,99.94001199760048,0.029860706659913007,3.3008130216317446,Strong,5000
0.2,47,0.012234195026824941,0.007244970041132559,0.29314137172565485,70.70585882823435,0.004989224985692382,0.535750020265443,Random / luck,5000
0.2,48,0.008064104536614288,0.007573588299342553,0.484503099380124,51.56968606278745,0.0004905162372717351,0.05403700023935618,Random / luck,5000
0.2,49,0.0192334921061883,0.007368127485136563,0.10677864427114576,89.34213157368526,0.011865364621051736,1.2588586170278089,Weak,5000
0.2,50,0.02620713855408402,0.006387244105849796,0.014597080583883223,98.56028794241152,0.019819894448234225,2.167966921936659,Strong,5000
0.2,51,0.00967020675173111,0.006638226599654776,0.3685262947410518,63.16736652669466,0.0030319801520763343,0.3293779808700355,Random / luck,5000
0.2,52,0.02617807035500828,0.008033662739280833,0.023595280943811237,97.66046790641872,0.01814440761572745,1.924763060839464,Moderate,5000
0.2,53,0.023692074494632776,0.007091221591824609,0.03459308138372325,96.56068786242751,0.016600852902808168,1.7821500945269995,Moderate,5000
0.2,54,0.01635986919074232,0.007597189888486659,0.16756648670265947,83.26334733053389,0.00876267930225566,0.9540476393046308,Weak,5000
0.2,55,0.020229367091334167,0.006659151367148306,0.0687862427514497,93.14137172565486,0.01357021572418586,1.5001774118321016,Weak,5000
0.2,56,0.016255876041303415,0.006297633748493738,0.132373525294941,86.78264347130575,0.009958242292809677,1.0878676433104253,Weak,5000
0.2,57,0.021768511590330948,0.007588100769851273,0.0647870425914817,93.54129174165166,0.014180410820479675,1.5079272576502982,Weak,5000
0.2,58,0.015995069079360224,0.007206527247055534,0.16736652669466107,83.28334333133374,0.00878854183230469,0.9487034220506885,Weak,5000
0.2,59,0.0042933136007855645,0.006065965359816019,0.5736852629474105,42.65146970605878,-0.001772651759030455,-0.19412794666505026,Random / luck,5000
0.2,60,0.014187394860751667,0.005844936491012189,0.1859628074385123,81.42371525694861,0.008342458369739479,0.8965643305790271,Weak,5000
0.2,61,0.017783081255364794,0.007129838774084226,0.1217756448710258,87.84243151369726,0.010653242481280568,1.158254203073185,Weak,5000
0.2,62,0.018155410039812324,0.0067581278826138146,0.10157968406318736,89.8620275944811,0.01139728215719851,1.2577612715632964,Weak,5000
0.2,63,0.02238843075245052,0.006134377466699185,0.041391721655668866,95.88082383523296,0.016254053285751333,1.7394439313158188,Moderate,5000
0.2,64,0.0024011622440591966,0.006232092130177498,0.6546690661867627,34.553089382123574,-0.0038309298861183014,-0.4135927017450801,Random / luck,5000
0.2,65,0.02854412205239774,0.006659783114429041,0.008598280343931213,99.16016796640672,0.0218843389379687,2.430176081704629,Strong,5000
0.2,66,0.023602782201870374,0.0068350161502851,0.03659268146370726,96.36072785442911,0.016767766051585274,1.7923740182545231,Moderate,5000
0.2,67,0.01719084953588951,0.0071363605583210045,0.13917216556688664,86.10277944411118,0.010054488977568506,1.080229274348791,Weak,5000
0.2,68,0.026215530281381887,0.006680337859485005,0.019596080783843232,98.06038792241552,0.019535192421896882,2.118971495608204,Strong,5000
0.2,69,0.007010636020098922,0.007211046877115971,0.5134973005398921,48.67026594681064,-0.0002004108570170483,-0.02208313783465482,Random / luck,5000
0.2,70,0.029522404713042176,0.007407126942701113,0.010997800439912017,98.92021595680865,0.022115277770341064,2.384163808028476,Strong,5000
0.2,71,0.012728812346852404,0.00676102091730597,0.2605478904219156,73.96520695860828,0.005967791429546433,0.647416368477351,Random / luck,5000
0.2,72,0.019451625834780377,0.00723744519544759,0.09818036392721456,90.20195960807838,0.012214180639332786,1.2986929244611973,Weak,5000
0.2,73,0.007043303871942043,0.006943142414494451,0.4901019796040792,51.00979804039192,0.00010016145744759161,0.010858293818888707,Random / luck,5000
0.2,74,0.03067923654565445,0.006327841002455404,0.004599080183963208,99.56008798240352,0.024351395543199046,2.616738626019467,Strong,5000
0.2,75,0.015503568274475044,0.006112147802054159,0.15516896620675866,84.50309938012398,0.009391420472420885,1.0094246553649047,Weak,5000
0.2,76,0.03853944815268294,0.006727995538065037,0.0007998400319936012,99.94001199760048,0.0318114526146179,3.4352776710153647,Strong,5000
0.2,77,0.020092459104780143,0.007011964010512668,0.08098380323935213,91.92161567686463,0.013080495094267475,1.4046226974596474,Weak,5000
0.2,78,0.023338689138205315,0.006287686555223579,0.03819236152769446,96.20075984803039,0.017051002582981735,1.7948142234919677,Moderate,5000
0.2,79,0.022257583816136326,0.0070533735750503215,0.05058988202359528,94.9610077984403,0.015204210241086005,1.6227933001952783,Weak,5000
0.2,80,0.02070365739432876,0.007818037390066932,0.09278144371125775,90.74185162967406,0.01288562000426183,1.316590030294646,Weak,5000
0.2,81,0.025993331681417133,0.00616795036765469,0.014997000599880024,98.52029594081185,0.019825381313762443,2.185990226599638,Strong,5000
0.2,82,0.010978753022658144,0.006705898014767257,0.3199360127974405,68.0263947210558,0.004272855007890887,0.4540967035208177,Random / luck,5000
0.2,83,0.012735809361661117,0.006758033864174701,0.26034793041391724,73.98520295940811,0.005977775497486416,0.6390445592937438,Random / luck,5000
0.2,84,0.018033992823285654,0.007017350186796759,0.11357728454309138,88.6622675464907,0.011016642636488895,1.213025919289091,Weak,5000
0.2,85,0.041489562593166184,0.006637340974966776,0.0001999600079984003,100.0,0.03485222161819941,3.7950369114098903,Strong,5000
0.2,86,0.018001105473920705,0.007217728007915294,0.133373325334933,86.68266346730654,0.010783377466005412,1.1213313651149301,Weak,5000
0.2,87,0.004888647462478208,0.0075241199777171435,0.6180763847230554,38.2123575284943,-0.0026354725152389355,-0.2867128352247736,Random / luck,5000
0.2,88,0.008377504447389534,0.006560742045493578,0.4165166966606679,58.368326334733055,0.0018167624018959562,0.19948370059843418,Random / luck,5000
0.2,89,0.016827203958866287,0.007626282168055859,0.15496900619876025,84.52309538092382,0.009200921790810428,1.020649632473918,Weak,5000
0.2,90,0.021917490041232158,0.006843118200838265,0.05018996200759848,95.00099980003999,0.015074371840393893,1.6540959899122027,Weak,5000
0.2,91,0.020747445780029666,0.007540021898785233,0.07938412317536493,92.08158368326335,0.013207423881244433,1.406111919868548,Weak,5000
0.2,92,0.02005367094062699,0.007066618675576312,0.08038392321535692,91.98160367926414,0.012987052265050677,1.395324638931023,Weak,5000
0.2,93,0.004994382567438184,0.006267390165751057,0.5516896620675865,44.85102979404119,-0.0012730075983128737,-0.1407176663211407,Random / luck,5000
0.2,94,0.01962772994691642,0.007878681963043938,0.10857828434313137,89.1621675664867,0.011749047983872482,1.229485522375999,Weak,5000
0.2,95,0.020027901658168392,0.00675753926422814,0.07318536292741452,92.7014597080584,0.013270362393940253,1.4311153954516629,Weak,5000
0.2,96,0.020233661811825208,0.0067530419642010215,0.07378524295140972,92.64147170565887,0.013480619847624185,1.433875352553767,Weak,5000
0.2,97,0.025541915358442826,0.00720212152836832,0.02519496100779844,97.50049990002,0.018339793830074506,1.9782778250074762,Moderate,5000
0.2,98,0.01330631228283635,0.00692247644460501,0.24155168966206758,75.86482703459309,0.00638383583823134,0.6951626168631235,Random / luck,5000
0.2,99,0.01588600477167419,0.00724771978726408,0.1775644871025795,82.2635472905419,0.008638284984410109,0.9266994077811634,Weak,5000
0.4,0,0.03030255977074173,0.005890123026308771,0.003799240151969606,99.64007198560289,0.02441243674443296,2.6376642901938947,Strong,5000
0.4,1,0.023092320555449408,0.00557720679576585,0.03219356128774245,96.8006398720256,0.017515113759683558,1.8500703852745959,Moderate,5000
0.4,2,0.039846578706919204,0.007387295847208112,0.0003999200159968006,99.98000399920016,0.03245928285971109,3.5475299047425395,Strong,5000
0.4,3,0.02306046418042458,0.007008136002404412,0.04379124175164967,95.64087182563487,0.01605232817802017,1.692719256713385,Moderate,5000
0.4,4,0.05693279788521278,0.006919856459511046,0.0001999600079984003,100.0,0.05001294142570173,5.507950040094325,Strong,5000
0.4,5,0.04201335298277037,0.007716611454947073,0.0003999200159968006,99.98000399920016,0.0342967415278233,3.6133319184754322,Strong,5000
0.4,6,0.024946700789044533,0.007401915243575257,0.03279344131173765,96.74065186962608,0.017544785545469274,1.7984636854560754,Moderate,5000
0.4,7,0.03654564704802708,0.007015017167050149,0.0003999200159968006,99.98000399920016,0.029530629880976933,3.226629617676245,Strong,5000
0.4,8,0.03193758884297414,0.006875292542809555,0.004799040191961607,99.54009198160368,0.025062296300164582,2.771250562122347,Strong,5000
0.4,9,0.02475026902817314,0.006974277593229168,0.027794441111777646,97.24055188962207,0.01777599143494397,1.891929046718104,Moderate,5000
0.4,10,0.02896083502352566,0.007072419616616585,0.009598080383923215,99.06018796240753,0.021888415406909077,2.381058865206544,Strong,5000
0.4,11,0.042148115991514024,0.007285715604940498,0.0001999600079984003,100.0,0.034862400386573525,3.8579584294419877,Strong,5000
0.4,12,0.03557623416433312,0.006582082550660409,0.0015996800639872025,99.86002799440112,0.028994151613672713,3.2129337458390146,Strong,5000
0.4,13,0.04131569103423585,0.0069698068666199904,0.0001999600079984003,100.0,0.03434588416761586,3.750430493655457,Strong,5000
0.4,14,0.02993056902438229,0.006894389893300479,0.004799040191961607,99.54009198160368,0.02303617913108181,2.5262897681836254,Strong,5000
0.4,15,0.034521895661309226,0.007274121120440355,0.0015996800639872025,99.86002799440112,0.027247774540868873,2.968392689223004,Strong,5000
0.4,16,0.036827259149590896,0.006667719538995382,0.0005998800239952009,99.96000799840033,0.030159539610595514,3.2693423466278206,Strong,5000
0.4,17,0.05381890342897709,0.00781908852757825,0.0001999600079984003,100.0,0.045999814901398844,4.882403570744986,Strong,5000
0.4,18,0.027696584673062016,0.007139020297110196,0.013797240551889621,98.64027194561088,0.02055756437595182,2.2189756342503366,Strong,5000
0.4,19,0.054645015574192976,0.006978278703591477,0.0001999600079984003,100.0,0.0476667368706015,5.196924269526612,Strong,5000
0.4,20,0.0207763998282899,0.007007887336131918,0.06778644271145771,93.24135172965407,0.013768512492157981,1.5144932174700843,Weak,5000
0.4,21,0.029282042791817012,0.00699296536624783,0.008198360327934412,99.2001599680064,0.02228907742556918,2.372292427830403,Strong,5000
0.4,22,0.028182819461757633,0.006819291584262814,0.009998000399920015,99.02019596080784,0.02136352787749482,2.3243775129087227,Strong,5000
0.4,23,0.03521304341242723,0.007388426460266999,0.0009998000399920016,99.92001599680064,0.027824616952160233,3.0663016351356185,Strong,5000
0.4,24,0.03860828372834044,0.007334929848856464,0.0005998800239952009,99.96000799840033,0.031273353879483975,3.3520609284956024,Strong,5000
0.4,25,0.036254763918344174,0.007246487678227655,0.0005998800239952009,99.96000799840033,0.02900827624011652,3.0749866393619087,Strong,5000
0.4,26,0.020755652043476625,0.006611847060038569,0.0665866826634673,93.36132773445311,0.014143804983438056,1.51981793235723,Weak,5000
0.4,27,0.014056124691222926,0.006731512050340746,0.21995600879824034,78.02439512097581,0.00732461264088218,0.7948699789083934,Random / luck,5000
0.4,28,0.01168291237968407,0.007430143287623682,0.3191361727654469,68.10637872425515,0.004252769092060389,0.44991887598475266,Random / luck,5000
0.4,29,0.040609093961279805,0.006961902231357206,0.0001999600079984003,100.0,0.0336471917299226,3.6340887481832347,Strong,5000
0.4,30,0.03051260492925638,0.006833200057658226,0.00599880023995201,99.42011597680464,0.023679404871598152,2.567346912900247,Strong,5000
0.4,31,0.025507576906479038,0.006419994269515236,0.01979604079184163,98.04039192161568,0.019087582636963803,2.085886533254782,Strong,5000
0.4,32,0.04033088348429453,0.0073589746886233345,0.0003999200159968006,99.98000399920016,0.0329719087956712,3.5876111182466666,Strong,5000
0.4,33,0.03731486123101782,0.007085019432472211,0.0005998800239952009,99.96000799840033,0.03022984179854561,3.2480468927517596,Strong,5000
0.4,34,0.033472886265342505,0.00659526904030926,0.001799640071985603,99.84003199360127,0.026877617225033245,2.9424909854627868,Strong,5000
0.4,35,0.04414551642127867,0.007297897164543721,0.0001999600079984003,100.0,0.036847619256734944,3.9409584054763402,Strong,5000
0.4,36,0.05305278543028209,0.00800463935601369,0.0001999600079984003,100.0,0.0450481460742684,4.785086105512026,Strong,5000
0.4,37,0.03827734742983867,0.007509412423742237,0.0005998800239952009,99.96000799840033,0.030767935006096432,3.315471352762562,Strong,5000
0.4,38,0.034895518546674366,0.0076688786128551656,0.0015996800639872025,99.86002799440112,0.0272266399338192,2.897473110374101,Strong,5000
0.4,39,0.026884997069295178,0.007820808146493148,0.023595280943811237,97.66046790641872,0.019064188922802032,2.000760071996707,Strong,5000
0.4,40,0.04233146928666246,0.007118644521500678,0.0003999200159968006,99.98000399920016,0.035212824765161785,3.8448477954731324,Strong,5000
0.4,41,0.031924717715896764,0.007256267058142914,0.003999200159968006,99.62007598480304,0.02466845065775385,2.696832979834676,Strong,5000
0.4,42,0.022920809824030983,0.007554362748709353,0.05138972205558888,94.88102379524095,0.01536644707532163,1.6077698314636497,Weak,5000
0.4,43,0.03726110039801307,0.006854686248212553,0.0009998000399920016,99.92001599680064,0.03040641414980052,3.1477689344062187,Strong,5000
0.4,44,0.04588275111983714,0.007440674781015053,0.0001999600079984003,100.0,0.03844207633882209,4.215780133193026,Strong,5000
0.4,45,0.027494158568137663,0.005801445675071166,0.009398120375924815,99.08018396320736,0.0216927128930665,2.3442782649368623,Strong,5000
0.4,46,0.010026876552482087,0.0072654892132928564,0.3815236952609478,61.86762647470506,0.0027613873391892302,0.2973258482345837,Random / luck,5000
0.4,47,0.028275915649565785,0.006158328232468912,0.008398320335932814,99.18016396720655,0.022117587417096872,2.4092921293282727,Strong,5000
0.4,48,0.03377351199447551,0.006848340993471761,0.001799640071985603,99.84003199360127,0.026925171001003747,2.9572330961490807,Strong,5000
0.4,49,0.03653888961717199,0.007659650434099342,0.0015996800639872025,99.86002799440112,0.02887923918307265,3.0513199800225834,Strong,5000
0.4,50,0.029249395149983908,0.007283175555732032,0.010797840431913617,98.94021195760848,0.021966219594251876,2.391382551007042,Strong,5000
0.4,51,0.025901081469210736,0.0075164974394965,0.019596080783843232,98.06038792241552,0.018384584029714233,2.0271812557206443,Strong,5000
0.4,52,0.06219852635685142,0.007126516333781581,0.0001999600079984003,100.0,0.05507201002306984,5.944181535169829,Strong,5000
0.4,53,0.025493622779004153,0.006828345695785143,0.02439512097580484,97.58048390321936,0.01866527708321901,2.055423353959768,Strong,5000
0.4,54,0.03566736750640474,0.007400055926986164,0.001999600079984003,99.82003599280144,0.02826731157941858,2.977827964653813,Strong,5000
0.4,55,0.04444541390139822,0.007222975334687779,0.0001999600079984003,100.0,0.037222438566710446,4.140885480161739,Strong,5000
0.4,56,0.047422832040304716,0.00716383134127229,0.0001999600079984003,100.0,0.040259000699032425,4.225245051706065,Strong,5000
0.4,57,0.0338799943202659,0.006941082012277867,0.001999600079984003,99.82003599280144,0.026938912307988033,2.881805814207766,Strong,5000
0.4,58,0.028765843190792232,0.007159053594170996,0.011597680463907219,98.86022795440911,0.021606789596621236,2.261145194905322,Strong,5000
0.4,59,0.032288737443729267,0.007181384113711164,0.0033993201359728054,99.68006398720256,0.025107353330018102,2.7293859753617613,Strong,5000
0.4,60,0.029946864908899185,0.007928199476171635,0.01279744051189762,98.74025194961008,0.022018665432727548,2.209173375542555,Strong,5000
0.4,61,0.03756802822108651,0.007146785392259853,0.0009998000399920016,99.92001599680064,0.030421242828826654,3.25926015549354,Strong,5000
0.4,62,0.04002432732902292,0.007349900576645891,0.0005998800239952009,99.96000799840033,0.03267442675237703,3.4725632398294692,Strong,5000
0.4,63,0.029241612635408015,0.0074103323163789096,0.011797640471905619,98.84023195360928,0.021831280319029103,2.2782806932687354,Strong,5000
0.4,64,0.044500169216045764,0.007209347164474701,0.0001999600079984003,100.0,0.03729082205157106,4.026769536299538,Strong,5000
0.4,65,0.040131833656676746,0.007130320371411287,0.0005998800239952009,99.96000799840033,0.03300151328526546,3.5923549115504354,Strong,5000
0.4,66,0.02154329803416367,0.0065346635915280015,0.051789642071585686,94.84103179364128,0.01500863444263567,1.626821015475456,Weak,5000
0.4,67,0.03408863137252312,0.007381405415630221,0.002999400119976005,99.72005598880223,0.026707225956892896,2.8078653294646574,Strong,5000
0.4,68,0.028910569975611786,0.007138578654212309,0.013397320535892822,98.68026394721056,0.021771991321399477,2.286093816874805,Strong,5000
0.4,69,0.038775205123901126,0.006235440977590149,0.0003999200159968006,99.98000399920016,0.032539764146310976,3.532100603616695,Strong,5000
0.4,70,0.027053769350504856,0.007782868129550934,0.02519496100779844,97.50049990002,0.019270901220953922,1.999303296483123,Moderate,5000
0.4,71,0.0306330980201799,0.005973270921874712,0.002999400119976005,99.72005598880223,0.02465982709830519,2.6833966251015795,Strong,5000
0.4,72,0.04252256954638166,0.007256151875649793,0.0001999600079984003,100.0,0.03526641767073187,3.8131952678345593,Strong,5000
0.4,73,0.030884414952166477,0.006669293200420825,0.004799040191961607,99.54009198160368,0.02421512175174565,2.5998771805283467,Strong,5000
0.4,74,0.044511684945860316,0.007213419169300727,0.0001999600079984003,100.0,0.03729826577655959,3.994777592031691,Strong,5000
0.4,75,0.049143841988626216,0.007215719612089428,0.0001999600079984003,100.0,0.041928122376536786,4.528022876601724,Strong,5000
0.4,76,0.02094479569575563,0.007036747944430807,0.07138572285542892,92.88142371525694,0.013908047751324822,1.505563925286127,Weak,5000
0.4,77,0.0348702599327294,0.006885539933017518,0.0015996800639872025,99.86002799440112,0.027984719999711884,3.088667970349201,Strong,5000
0.4,78,0.020480888147339164,0.006958546140950935,0.07298540291941612,92.72145570885823,0.01352234200638823,1.4387565152899888,Weak,5000
0.4,79,0.038632211841488726,0.007084399384211416,0.0003999200159968006,99.98000399920016,0.03154781245727731,3.469666110573667,Strong,5000
0.4,80,0.03980026389265453,0.007593764389026449,0.0001999600079984003,100.0,0.03220649950362808,3.365006025233392,Strong,5000
0.4,81,0.028142627875284168,0.00782515550046723,0.01999600079984003,98.02039592081584,0.020317472374816938,2.12727514666552,Strong,5000
0.4,82,0.042324967416384515,0.007167730208917554,0.0003999200159968006,99.98000399920016,0.03515723720746696,3.681454436865408,Strong,5000
0.4,83,0.022955525774334382,0.0072584635129884275,0.05038992201559688,94.98100379924014,0.015697062261345957,1.6546683816098635,Weak,5000
0.4,84,0.03495392621533401,0.0070505381540087115,0.0013997200559888023,99.88002399520096,0.0279033880613253,3.015715666332068,Strong,5000
0.4,85,0.023588333954129292,0.006146858672872377,0.03159368126374725,96.86062787442512,0.017441475281256915,1.869863625413909,Moderate,5000
0.4,86,0.05676677551808555,0.007558032283267975,0.0001999600079984003,100.0,0.049208743234817574,5.092274252552581,Strong,5000
0.4,87,0.022558052245557524,0.006053616564041051,0.036392721455708855,96.38072385522895,0.016504435681516473,1.7894284127162214,Moderate,5000
0.4,88,0.049554138802294104,0.007218901664230901,0.0001999600079984003,100.0,0.042335237138063204,4.479546927362792,Strong,5000
0.4,89,0.04136752637660373,0.008281511540593854,0.0003999200159968006,99.98000399920016,0.033086014836009876,3.4495606044536,Strong,5000
0.4,90,0.0293555374643449,0.007025706373664761,0.010397920415916816,98.98020395920815,0.02232983109068014,2.3934673618118976,Strong,5000
0.4,91,0.027210060211943974,0.0071181908429431544,0.01259748050389922,98.76024795040992,0.02009186936900082,2.2115542367323724,Strong,5000
0.4,92,0.04799363273605353,0.006996097285384999,0.0001999600079984003,100.0,0.04099753545066853,4.44209441481531,Strong,5000
0.4,93,0.021963669841635967,0.007528787757482027,0.06858628274345131,93.16136772645471,0.01443488208415394,1.5132718265146892,Weak,5000
0.4,94,0.02775147899331588,0.007131257668881082,0.014597080583883223,98.56028794241152,0.0206202213244348,2.204276781671449,Strong,5000
0.4,95,0.037083587260166105,0.0066227701913682754,0.0009998000399920016,99.92001599680064,0.03046081706879783,3.3210067120333306,Strong,5000
0.4,96,0.04833277201732967,0.007542883316472235,0.0001999600079984003,100.0,0.04078988870085743,4.210000923459069,Strong,5000
0.4,97,0.03782453052004813,0.007891629948972271,0.0009998000399920016,99.92001599680064,0.02993290057107586,3.2000966844880963,Strong,5000
0.4,98,0.031802544799856204,0.0076296622857646495,0.004999000199960008,99.52009598080383,0.024172882514091554,2.6078826494654677,Strong,5000
0.4,99,0.01963958456859668,0.006378030563086579,0.07678464307138572,92.34153169366127,0.0132615540055101,1.4349521754582744,Weak,5000
0.6,0,0.04485213487156959,0.007510051312770793,0.0001999600079984003,100.0,0.0373420835587988,4.066643124326122,Strong,5000
0.6,1,0.04668156498351771,0.007627891763737924,0.0001999600079984003,100.0,0.03905367321977978,4.15270764575511,Strong,5000
0.6,2,0.04104421901564432,0.007092058767591624,0.0003999200159968006,99.98000399920016,0.0339521602480527,3.605905225660232,Strong,5000
0.6,3,0.02852482129605764,0.007087535265894846,0.009598080383923215,99.06018796240753,0.021437286030162792,2.3496902611876727,Strong,5000
0.6,4,0.0663261723752847,0.006591627534423196,0.0001999600079984003,100.0,0.0597345448408615,6.625668404021792,Strong,5000
0.6,5,0.04311129694830477,0.007441714836415089,0.0003999200159968006,99.98000399920016,0.035669582111889676,3.7868970032190146,Strong,5000
0.6,6,0.05695522466710771,0.006741549828624216,0.0001999600079984003,100.0,0.05021367483848349,5.474440193125399,Strong,5000
0.6,7,0.0679985620913963,0.007775150226529695,0.0001999600079984003,100.0,0.06022341186486661,6.22694120490836,Strong,5000
0.6,8,0.052996593414132036,0.006768391623807749,0.0001999600079984003,100.0,0.04622820179032429,5.064350246610598,Strong,5000
0.6,9,0.0540930557551716,0.0071648715765115925,0.0001999600079984003,100.0,0.04692818417866001,5.0913065811740745,Strong,5000
0.6,10,0.046424477022255,0.0068038986658808445,0.0001999600079984003,100.0,0.039620578356374156,4.284369082340987,Strong,5000
0.6,11,0.030755768734170193,0.007321371121318516,0.007998400319936013,99.22015596880624,0.023434397612851675,2.550547706324858,Strong,5000
0.6,12,0.06763392922345969,0.00741966319091027,0.0001999600079984003,100.0,0.060214266032549424,6.697365262408054,Strong,5000
0.6,13,0.04214154624349492,0.007478375782220092,0.0003999200159968006,99.98000399920016,0.03466317046127483,3.684552666008792,Strong,5000
0.6,14,0.06253994375171132,0.0073527956528882865,0.0001999600079984003,100.0,0.05518714809882303,5.863153041630457,Strong,5000
0.6,15,0.07332931482802467,0.006921568725036164,0.0001999600079984003,100.0,0.06640774610298851,7.192187271154751,Strong,5000
0.6,16,0.04487805926693829,0.006409889831511578,0.0001999600079984003,100.0,0.03846816943542671,4.201823600003249,Strong,5000
0.6,17,0.053484236354365784,0.007423740402604784,0.0001999600079984003,100.0,0.046060495951760996,4.71760545857627,Strong,5000
0.6,18,0.06007455311120215,0.007058974109941627,0.0001999600079984003,100.0,0.05301557900126052,5.667341534344969,Strong,5000
0.6,19,0.050749447770109216,0.007380490879636247,0.0001999600079984003,100.0,0.043368956890472966,4.682504365839458,Strong,5000
0.6,20,0.05221676719366172,0.005984340528399811,0.0001999600079984003,100.0,0.04623242666526191,5.01938167103689,Strong,5000
0.6,21,0.056270335801396364,0.007229607792139148,0.0001999600079984003,100.0,0.04904072800925721,5.258029291005101,Strong,5000
0.6,22,0.07250838927075293,0.00774659276596915,0.0001999600079984003,100.0,0.06476179650478378,7.106059409584047,Strong,5000
0.6,23,0.04751135971907805,0.006275543969545305,0.0001999600079984003,100.0,0.041235815749532743,4.577756910281319,Strong,5000
0.6,24,0.05466851960783645,0.007489981659259837,0.0001999600079984003,100.0,0.04717853794857661,5.080579150969529,Strong,5000
0.6,25,0.04676282014630542,0.007275299561899982,0.0001999600079984003,100.0,0.03948752058440544,4.230836733656346,Strong,5000
0.6,26,0.04474752881997,0.006644514986782437,0.0001999600079984003,100.0,0.038103013833187566,4.143165049498043,Strong,5000
0.6,27,0.02352493406381016,0.006731962367646921,0.03719256148770246,96.3007398520296,0.01679297169616324,1.8304723122098339,Moderate,5000
0.6,28,0.060166683286987745,0.006791679887562394,0.0001999600079984003,100.0,0.05337500339942535,5.745111066212423,Strong,5000
0.6,29,0.03751107085321048,0.007255502687801351,0.0011997600479904018,99.9000199960008,0.03025556816540913,3.1865009172078174,Strong,5000
0.6,30,0.0551561864908487,0.007435207500369991,0.0001999600079984003,100.0,0.04772097899047871,5.1130002136102375,Strong,5000
0.6,31,0.05300174170995849,0.0069091285285847025,0.0001999600079984003,100.0,0.04609261318137379,5.009190756621492,Strong,5000
0.6,32,0.04497126642302773,0.00791282449519813,0.0001999600079984003,100.0,0.037058441927829595,3.813852372817982,Strong,5000
0.6,33,0.06867294598959515,0.006864506535679007,0.0001999600079984003,100.0,0.06180843945391615,6.659399769841111,Strong,5000
0.6,34,0.04213292528825968,0.00725459014725445,0.0001999600079984003,100.0,0.03487833514100523,3.7242795340182258,Strong,5000
0.6,35,0.05299220909715703,0.00724255495169851,0.0001999600079984003,100.0,0.04574965414545852,4.9561650687318615,Strong,5000
0.6,36,0.05393320074944959,0.006787844063017218,0.0001999600079984003,100.0,0.047145356686432376,5.099176183007518,Strong,5000
0.6,37,0.04955171666332073,0.008167123062166675,0.0003999200159968006,99.98000399920016,0.041384593601154054,4.3023852236350395,Strong,5000
0.6,38,0.05245245289339943,0.0077134377278678485,0.0001999600079984003,100.0,0.04473901516553158,4.5566141142377825,Strong,5000
0.6,39,0.04036877385021594,0.0073914309349871815,0.0005998800239952009,99.96000799840033,0.03297734291522876,3.509592435130304,Strong,5000
0.6,40,0.03666137672993208,0.007149305391989944,0.0005998800239952009,99.96000799840033,0.02951207133794214,3.1679982780617437,Strong,5000
0.6,41,0.03550967156322755,0.006346012591968343,0.0003999200159968006,99.98000399920016,0.029163658971259204,3.1199921375118036,Strong,5000
0.6,42,0.04409895929183555,0.006871502997485227,0.0001999600079984003,100.0,0.03722745629435032,4.054443150627612,Strong,5000
0.6,43,0.05117353201352709,0.0063637433835851695,0.0001999600079984003,100.0,0.04480978862994192,4.855429694598127,Strong,5000
0.6,44,0.044752688128332344,0.007294045666824457,0.0001999600079984003,100.0,0.03745864246150789,4.046690373474941,Strong,5000
0.6,45,0.026896932883171083,0.0075292084639060645,0.01859628074385123,98.16036792641472,0.019367724419265018,2.0787421429674664,Strong,5000
0.6,46,0.05116021114544097,0.00738644717442051,0.0001999600079984003,100.0,0.04377376397102046,4.771728666840994,Strong,5000
0.6,47,0.07771677996077116,0.006763448503526854,0.0001999600079984003,100.0,0.0709533314572443,7.61943290924253,Strong,5000
0.6,48,0.045428882507129,0.007244893542246575,0.0001999600079984003,100.0,0.038183988964882426,4.100154716447015,Strong,5000
0.6,49,0.032529926854627876,0.007132295417899045,0.003599280143971206,99.66006798640272,0.02539763143672883,2.73314806465429,Strong,5000
0.6,50,0.04352501498053325,0.0072781323552135405,0.0005998800239952009,99.96000799840033,0.036246882625319714,3.9156717482680152,Strong,5000
0.6,51,0.0460325282124374,0.00713075443813054,0.0001999600079984003,100.0,0.038901773774306855,4.11091059017162,Strong,5000
0.6,52,0.037198290473565654,0.007181472027514383,0.0005998800239952009,99.96000799840033,0.030016818446051273,3.2847528999065947,Strong,5000
0.6,53,0.03659776000050645,0.007376307942915935,0.0013997200559888023,99.88002399520096,0.029221452057590514,3.1126042497008517,Strong,5000
0.6,54,0.04059672711042403,0.006386513931417229,0.0003999200159968006,99.98000399920016,0.0342102131790068,3.6851712613474743,Strong,5000
0.6,55,0.039410026934720545,0.006179933677665946,0.0003999200159968006,99.98000399920016,0.0332300932570546,3.5952786624370043,Strong,5000
0.6,56,0.04537823308153304,0.0073795769328631475,0.0001999600079984003,100.0,0.037998656148669895,4.060965484666095,Strong,5000
0.6,57,0.04188791903167815,0.007154771238513103,0.0001999600079984003,100.0,0.034733147793165046,3.6799493576306723,Strong,5000
0.6,58,0.04654330763719666,0.0071597792869651814,0.0001999600079984003,100.0,0.039383528350231484,4.167737903189399,Strong,5000
0.6,59,0.03711643545322712,0.0064171586381676264,0.0009998000399920016,99.92001599680064,0.030699276815059493,3.387795288004949,Strong,5000
0.6,60,0.05428116382856564,0.007182507954299057,0.0001999600079984003,100.0,0.047098655874266586,5.067092897163041,Strong,5000
0.6,61,0.05881498089998925,0.007657528821541994,0.0001999600079984003,100.0,0.051157452078447255,5.200144124230555,Strong,5000
0.6,62,0.04398717226420574,0.0075885872281379494,0.0003999200159968006,99.98000399920016,0.03639858503606779,3.918360595849562,Strong,5000
0.6,63,0.04488509614444265,0.007492116206162456,0.0001999600079984003,100.0,0.037392979938280196,4.153316003611627,Strong,5000
0.6,64,0.06890887669930484,0.00748230573236479,0.0001999600079984003,100.0,0.061426570966940056,6.587699149808955,Strong,5000
0.6,65,0.04985440335199977,0.006976903685581509,0.0001999600079984003,100.0,0.04287749966641826,4.577173925749212,Strong,5000
0.6,66,0.048484947856687374,0.007744946233828328,0.0001999600079984003,100.0,0.04074000162285905,4.2871633417686645,Strong,5000
0.6,67,0.039952445646290725,0.007764670121690997,0.0005998800239952009,99.96000799840033,0.03218777552459973,3.28466168121982,Strong,5000
0.6,68,0.053775227682459875,0.007057570420692528,0.0001999600079984003,100.0,0.04671765726176735,4.921572252497356,Strong,5000
0.6,69,0.05395267703417385,0.006814105717512435,0.0001999600079984003,100.0,0.047138571316661416,5.129465217367096,Strong,5000
0.6,70,0.04185606858462782,0.00697087758137455,0.0003999200159968006,99.98000399920016,0.03488519100325327,3.787497371248838,Strong,5000
0.6,71,0.04018566821870359,0.007338726884326212,0.0003999200159968006,99.98000399920016,0.03284694133437738,3.482398005561888,Strong,5000
0.6,72,0.06863354094013906,0.00647912646529224,0.0001999600079984003,100.0,0.06215441447484682,6.701391460539052,Strong,5000
0.6,73,0.05565663026329531,0.0072356533018939784,0.0001999600079984003,100.0,0.04842097696140133,5.143552954603467,Strong,5000
0.6,74,0.046121770069580896,0.007162867122373539,0.0001999600079984003,100.0,0.03895890294720736,4.202503308428807,Strong,5000
0.6,75,0.050825394016299985,0.007395381798363296,0.0001999600079984003,100.0,0.04343001221793669,4.620124979930374,Strong,5000
0.6,76,0.032373280626337174,0.007514738222579925,0.004799040191961607,99.54009198160368,0.024858542403757247,2.64279037281295,Strong,5000
0.6,77,0.04949330498423346,0.007509760395194529,0.0001999600079984003,100.0,0.04198354458903893,4.450154171962326,Strong,5000
0.6,78,0.06940215593033243,0.005979190198992589,0.0001999600079984003,100.0,0.06342296573133985,6.93667595758435,Strong,5000
0.6,79,0.046659278660133224,0.0061928221016819066,0.0003999200159968006,99.98000399920016,0.04046645655845132,4.304469966339004,Strong,5000
0.6,80,0.0423434542576702,0.00757799475363729,0.0001999600079984003,100.0,0.03476545950403291,3.779629262206995,Strong,5000
0.6,81,0.04688613015534647,0.006925580898015317,0.0001999600079984003,100.0,0.039960549257331154,4.305175741640539,Strong,5000
0.6,82,0.055886819362408136,0.00747841429031688,0.0001999600079984003,100.0,0.04840840507209126,5.210023115014643,Strong,5000
0.6,83,0.03812185731414469,0.006928460907141161,0.0007998400319936012,99.94001199760048,0.03119339640700353,3.395118910643627,Strong,5000
0.6,84,0.04935677263869376,0.00782812636037442,0.0001999600079984003,100.0,0.041528646278319335,4.252998756090247,Strong,5000
0.6,85,0.06319254733469838,0.006843534950551645,0.0001999600079984003,100.0,0.05634901238414674,6.226060413052181,Strong,5000
0.6,86,0.05128421485804531,0.0072032262708818,0.0001999600079984003,100.0,0.044080988587163514,4.722421191337065,Strong,5000
0.6,87,0.05369193825972631,0.007709578468556603,0.0001999600079984003,100.0,0.04598235979116971,4.845942839740742,Strong,5000
0.6,88,0.041658317201216835,0.008024536063517133,0.0001999600079984003,100.0,0.0336337811376997,3.6040019457531054,Strong,5000
0.6,89,0.04154282727610809,0.007171773560434568,0.0001999600079984003,100.0,0.034371053715673526,3.6541739551078862,Strong,5000
0.6,90,0.04605421846229392,0.0073218141697702225,0.0001999600079984003,100.0,0.0387324042925237,4.137269162857717,Strong,5000
0.6,91,0.05614015613423586,0.0073694985983872524,0.0001999600079984003,100.0,0.04877065753584861,5.178664106928103,Strong,5000
0.6,92,0.03156287627181675,0.006693887565014293,0.003999200159968006,99.62007598480304,0.02486898870680246,2.7124780735829805,Strong,5000
0.6,93,0.04951471972404848,0.007738115196967359,0.0003999200159968006,99.98000399920016,0.041776604527081124,4.352629846836612,Strong,5000
0.6,94,0.04431931574493763,0.0072208906122682645,0.0001999600079984003,100.0,0.037098425132669366,3.872660930588811,Strong,5000
0.6,95,0.0523007781981888,0.007390523557397399,0.0001999600079984003,100.0,0.0449102546407914,4.872662179177516,Strong,5000
0.6,96,0.059601572604802984,0.0068491968333217156,0.0001999600079984003,100.0,0.05275237577148127,5.525274967667516,Strong,5000
0.6,97,0.017873759565430896,0.006282663124365229,0.10437912417516497,89.58208358328335,0.011591096441065667,1.2413215967617988,Weak,5000
0.6,98,0.04428131819662797,0.007539937481726122,0.0001999600079984003,100.0,0.03674138071490185,3.866448820111418,Strong,5000
0.6,99,0.06427892623602854,0.0072185426501924855,0.0001999600079984003,100.0,0.05706038358583606,6.087036271336017,Strong,5000
0.8,0,0.06424077300570255,0.00638722943419065,0.0001999600079984003,100.0,0.0578535435715119,6.24063179663298,Strong,5000
0.8,1,0.0543639598697112,0.007521986021653186,0.0001999600079984003,100.0,0.046841973848058015,4.7649059595628085,Strong,5000
0.8,2,0.0762626676152569,0.006193292639667139,0.0001999600079984003,100.0,0.07006937497558975,7.596847474939936,Strong,5000
0.8,3,0.059140165974818845,0.006772201445791393,0.0001999600079984003,100.0,0.05236796452902745,5.593103375384529,Strong,5000
0.8,4,0.07282021787087908,0.00749085638160641,0.0001999600079984003,100.0,0.06532936148927268,6.970262108227936,Strong,5000
0.8,5,0.05419643584136894,0.007741981145077227,0.0001999600079984003,100.0,0.04645445469629171,5.006138164838151,Strong,5000
0.8,6,0.06836554089950111,0.007498014879078053,0.0001999600079984003,100.0,0.060867526020423064,6.3294487307886795,Strong,5000
0.8,7,0.05823233521166995,0.005784100461316581,0.0001999600079984003,100.0,0.052448234750353366,5.658898604787991,Strong,5000
0.8,8,0.049068088882379526,0.006866935220281911,0.0001999600079984003,100.0,0.04220115366209762,4.678482791403442,Strong,5000
0.8,9,0.05389691280095812,0.0075684241797315975,0.0001999600079984003,100.0,0.04632848862122652,4.927856292835485,Strong,5000
0.8,10,0.07398935817428315,0.006158627083794167,0.0001999600079984003,100.0,0.06783073109048898,7.502679546332811,Strong,5000
0.8,11,0.06786973548004759,0.006756037763299808,0.0001999600079984003,100.0,0.06111369771674778,6.5548630514702815,Strong,5000
0.8,12,0.04902378217638926,0.007370846647760763,0.0001999600079984003,100.0,0.0416529355286285,4.369245409358207,Strong,5000
0.8,13,0.056440398368837325,0.007159046995183965,0.0001999600079984003,100.0,0.04928135137365336,5.325651285395335,Strong,5000
0.8,14,0.06494501073448017,0.006921694862729527,0.0001999600079984003,100.0,0.05802331587175064,6.4102615298050365,Strong,5000
0.8,15,0.06536136502190294,0.0066985465209604,0.0001999600079984003,100.0,0.05866281850094254,6.307462543543504,Strong,5000
0.8,16,0.05203225898244681,0.007619525701285582,0.0001999600079984003,100.0,0.04441273328116123,4.877335127163052,Strong,5000
0.8,17,0.05600724558137003,0.007478898741308962,0.0001999600079984003,100.0,0.04852834684006107,5.4002967333310785,Strong,5000
0.8,18,0.06923791632419758,0.006819045104739985,0.0001999600079984003,100.0,0.0624188712194576,6.7309670271968,Strong,5000
0.8,19,0.07113617093819494,0.007799369345636518,0.0001999600079984003,100.0,0.06333680159255842,6.692146422324154,Strong,5000
0.8,20,0.06937388140019192,0.006733349593817644,0.0001999600079984003,100.0,0.06264053180637427,6.676643036260825,Strong,5000
0.8,21,0.0783736744806447,0.006556616302365811,0.0001999600079984003,100.0,0.07181705817827888,7.909631251577993,Strong,5000
0.8,22,0.05396283983853061,0.007779327242164568,0.0001999600079984003,100.0,0.04618351259636604,4.94937610990951,Strong,5000
0.8,23,0.06944817091437065,0.00720718074867668,0.0001999600079984003,100.0,0.06224099016569397,6.769914485035541,Strong,5000
0.8,24,0.05127022693779394,0.006603724640391021,0.0001999600079984003,100.0,0.04466650229740292,4.8034964201048345,Strong,5000
0.8,25,0.05879785057515429,0.006423529590440339,0.0001999600079984003,100.0,0.05237432098471395,5.714615000013831,Strong,5000
0.8,26,0.05949589475082263,0.007130032415178806,0.0001999600079984003,100.0,0.05236586233564382,5.531465450671686,Strong,5000
0.8,27,0.061440378386908114,0.007328728258599705,0.0001999600079984003,100.0,0.05411165012830841,5.6079981630196745,Strong,5000
0.8,28,0.06161136778720409,0.007568787215419533,0.0001999600079984003,100.0,0.05404258057178456,5.6607281404643945,Strong,5000
0.8,29,0.06886753961992392,0.00622179652487434,0.0001999600079984003,100.0,0.06264574309504958,6.914914996414805,Strong,5000
0.8,30,0.061739900870872895,0.007037440305212061,0.0001999600079984003,100.0,0.05470246056566083,6.029328980836913,Strong,5000
0.8,31,0.07328619910333296,0.007320482527263479,0.0001999600079984003,100.0,0.06596571657606948,7.0464321593827535,Strong,5000
0.8,32,0.04949626359159556,0.007699616501771702,0.0003999200159968006,99.98000399920016,0.04179664708982386,4.4212579405219055,Strong,5000
0.8,33,0.06178108234573976,0.007066490607577262,0.0001999600079984003,100.0,0.054714591738162496,5.839047791446841,Strong,5000
0.8,34,0.06400303803370022,0.007133806003970719,0.0001999600079984003,100.0,0.0568692320297295,6.113217746592801,Strong,5000
0.8,35,0.039997179188849166,0.006592653315323565,0.0003999200159968006,99.98000399920016,0.0334045258735256,3.55593627467352,Strong,5000
0.8,36,0.04296817598790125,0.007394318441157776,0.0001999600079984003,100.0,0.03557385754674348,3.8668722185326456,Strong,5000
0.8,37,0.06651302360606179,0.007010446737162181,0.0001999600079984003,100.0,0.059502576868899607,6.5891096968025975,Strong,5000
0.8,38,0.04482565708083235,0.00717101332790802,0.0001999600079984003,100.0,0.037654643752924336,4.017804979289671,Strong,5000
0.8,39,0.049544174945460755,0.007368598551449705,0.0001999600079984003,100.0,0.04217557639401105,4.4967785360598,Strong,5000
0.8,40,0.0754747941992946,0.007589045879082622,0.0001999600079984003,100.0,0.06788574832021199,7.211683444869555,Strong,5000
0.8,41,0.07880556722465347,0.007783918950483196,0.0001999600079984003,100.0,0.07102164827417028,7.430333220028738,Strong,5000
0.8,42,0.06932318498735869,0.007729828131615017,0.0001999600079984003,100.0,0.06159335685574367,6.531235204135101,Strong,5000
0.8,43,0.07652070285036137,0.0066966636844693,0.0001999600079984003,100.0,0.06982403916589207,7.591614567818176,Strong,5000
0.8,44,0.05692227702777058,0.006630882337572264,0.0001999600079984003,100.0,0.05029139469019831,5.294648354027334,Strong,5000
0.8,45,0.05607989230721764,0.006281077170791641,0.0001999600079984003,100.0,0.049798815136426,5.3576924308257405,Strong,5000
0.8,46,0.06755804347708826,0.0065718385554385155,0.0001999600079984003,100.0,0.06098620492164974,6.716691859569005,Strong,5000
0.8,47,0.0615460316409723,0.007640167352336851,0.0001999600079984003,100.0,0.05390586428863545,5.725290038493115,Strong,5000
0.8,48,0.06018865293292791,0.007089875774891815,0.0001999600079984003,100.0,0.0530987771580361,5.595471149409992,Strong,5000
0.8,49,0.06831761670259119,0.00762891533009192,0.0001999600079984003,100.0,0.06068870137249927,6.4773985395171,Strong,5000
0.8,50,0.05602631191840533,0.007039950262987371,0.0001999600079984003,100.0,0.04898636165541796,5.284628597356286,Strong,5000
0.8,51,0.063904945880831,0.007413478261632164,0.0001999600079984003,100.0,0.056491467619198835,5.963466025946897,Strong,5000
0.8,52,0.06516047145383286,0.006473033840155638,0.0001999600079984003,100.0,0.05868743761367722,6.4796116839673825,Strong,5000
0.8,53,0.0792647443096591,0.007504723280305427,0.0001999600079984003,100.0,0.07176002102935368,7.656537387583374,Strong,5000
0.8,54,0.04751401602448312,0.007792279710706619,0.0001999600079984003,100.0,0.039721736313776505,4.4185210405703765,Strong,5000
0.8,55,0.058547551048656284,0.007331109944239253,0.0001999600079984003,100.0,0.05121644110441703,5.624483211654596,Strong,5000
0.8,56,0.05718101571758312,0.0067810920744810176,0.0001999600079984003,100.0,0.0503999236431021,5.440703207196455,Strong,5000
0.8,57,0.05792760136673559,0.007341464432854593,0.0001999600079984003,100.0,0.050586136933881,5.438384499020677,Strong,5000
0.8,58,0.05628416617968031,0.006740885297454927,0.0001999600079984003,100.0,0.049543280882225385,5.427794349590263,Strong,5000
0.8,59,0.06823478812872727,0.006510695387989719,0.0001999600079984003,100.0,0.06172409274073755,6.230732893061989,Strong,5000
0.8,60,0.06494339359428325,0.00786187578574064,0.0001999600079984003,100.0,0.057081517808542606,6.114014369442932,Strong,5000
0.8,61,0.04972790801990528,0.006944853750324044,0.0001999600079984003,100.0,0.04278305426958123,4.736229050079837,Strong,5000
0.8,62,0.05924926910065831,0.0073680625765954215,0.0001999600079984003,100.0,0.05188120652406289,5.511140757919505,Strong,5000
0.8,63,0.05720412036394451,0.006480991391529859,0.0001999600079984003,100.0,0.050723128972414655,5.5475059259559245,Strong,5000
0.8,64,0.03816641587867994,0.006419477057193191,0.0005998800239952009,99.96000799840033,0.031746938821486756,3.4286186671985823,Strong,5000
0.8,65,0.06216623534973525,0.006839351714121801,0.0001999600079984003,100.0,0.055326883635613444,6.10663597886558,Strong,5000
0.8,66,0.07010479484226423,0.007099332194338065,0.0001999600079984003,100.0,0.06300546264792617,6.7649314439334685,Strong,5000
0.8,67,0.0660454096182699,0.0073562211337143526,0.0001999600079984003,100.0,0.05868918848455555,6.365664192046395,Strong,5000
0.8,68,0.06523240597555252,0.007275041954920979,0.0001999600079984003,100.0,0.05795736402063154,5.976322031487351,Strong,5000
0.8,69,0.0679234712334925,0.007058375846155511,0.0001999600079984003,100.0,0.06086509538733699,6.636773074740993,Strong,5000
0.8,70,0.05460066142234745,0.00768148372741564,0.0001999600079984003,100.0,0.04691917769493181,5.118667686936145,Strong,5000
0.8,71,0.05879550847347988,0.006970235521435278,0.0001999600079984003,100.0,0.0518252729520446,5.525984028483442,Strong,5000
0.8,72,0.06051246929570749,0.0075901959229033936,0.0001999600079984003,100.0,0.0529222733728041,5.776967728725451,Strong,5000
0.8,73,0.05722645269588596,0.006916666527806643,0.0001999600079984003,100.0,0.050309786168079317,5.474516392488038,Strong,5000
0.8,74,0.05599425525015064,0.006764697683250363,0.0001999600079984003,100.0,0.049229557566900284,5.474282032490324,Strong,5000
0.8,75,0.06336695838290488,0.007126724571696397,0.0001999600079984003,100.0,0.056240233811208476,6.222101509874077,Strong,5000
0.8,76,0.04711426575008659,0.006696976862706335,0.0003999200159968006,99.98000399920016,0.040417288887380255,4.5124112945524395,Strong,5000
0.8,77,0.06166295581980189,0.007681154486891313,0.0001999600079984003,100.0,0.05398180133291058,5.901982646263088,Strong,5000
0.8,78,0.05657281102758279,0.0075349669907443595,0.0001999600079984003,100.0,0.04903784403683843,5.100409491037081,Strong,5000
0.8,79,0.06217768869757754,0.007360364032855083,0.0001999600079984003,100.0,0.05481732466472246,5.9233465680083714,Strong,5000
0.8,80,0.07079443391677272,0.007363163450796205,0.0001999600079984003,100.0,0.06343127046597652,6.83788072769883,Strong,5000
0.8,81,0.07054376835911012,0.007251553284875133,0.0001999600079984003,100.0,0.06329221507423499,6.72672795167368,Strong,5000
0.8,82,0.05886461404419492,0.007188874829605837,0.0001999600079984003,100.0,0.05167573921458908,5.485943839510207,Strong,5000
0.8,83,0.07114248135830141,0.0072656067681062045,0.0001999600079984003,100.0,0.0638768745901952,6.812518368003927,Strong,5000
0.8,84,0.046230811563730684,0.006438316428848482,0.0001999600079984003,100.0,0.0397924951348822,4.308520791141064,Strong,5000
0.8,85,0.04544131095809086,0.006299333091042495,0.0001999600079984003,100.0,0.039141977867048365,4.297695568249232,Strong,5000
0.8,86,0.05054990983196756,0.007695682652021771,0.0001999600079984003,100.0,0.04285422717994579,4.670448405791044,Strong,5000
0.8,87,0.07412474014391542,0.007572581455519625,0.0001999600079984003,100.0,0.06655215868839578,6.941247899756147,Strong,5000
0.8,88,0.06386259377961036,0.007012782435563326,0.0001999600079984003,100.0,0.056849811344047034,6.168976721155485,Strong,5000
0.8,89,0.07011827186253478,0.006719249763444387,0.0001999600079984003,100.0,0.06339902209909039,6.735266921200047,Strong,5000
0.8,90,0.05829368358927439,0.007361772348492616,0.0001999600079984003,100.0,0.05093191124078178,5.330242679289401,Strong,5000
0.8,91,0.07382279659606406,0.007039707166119863,0.0001999600079984003,100.0,0.0667830894299442,7.277846118215882,Strong,5000
0.8,92,0.06394910078809066,0.007694708727288224,0.0001999600079984003,100.0,0.05625439206080243,5.931334231669266,Strong,5000
0.8,93,0.0751527734784368,0.00690719439177538,0.0001999600079984003,100.0,0.06824557908666141,7.255605139333639,Strong,5000
0.8,94,0.06857203992269208,0.007289284628687994,0.0001999600079984003,100.0,0.06128275529400408,6.315001162230102,Strong,5000
0.8,95,0.048951187984557505,0.007559975326901876,0.0001999600079984003,100.0,0.04139121265765563,4.528651618741554,Strong,5000
0.8,96,0.06817101826680445,0.007602386481660818,0.0001999600079984003,100.0,0.060568631785143635,6.48240341142375,Strong,5000
0.8,97,0.05241305388295454,0.006775508584813643,0.0001999600079984003,100.0,0.045637545298140895,4.946548555162523,Strong,5000
0.8,98,0.06247254426707927,0.00708282808087865,0.0001999600079984003,100.0,0.05538971618620062,6.044545957734015,Strong,5000
0.8,99,0.06301070980477902,0.00682876316012551,0.0001999600079984003,100.0,0.05618194664465351,6.005245117489517,Strong,5000
1.0,0,0.08644574737174185,0.007477339965031723,0.0001999600079984003,100.0,0.07896840740671013,8.037682514634723,Strong,5000
1.0,1,0.071976532025496,0.006920844039614519,0.0001999600079984003,100.0,0.06505568798588149,6.978059086532543,Strong,5000
1.0,2,0.08241860004061641,0.0077363600287994215,0.0001999600079984003,100.0,0.07468224001181699,7.8204125154524995,Strong,5000
1.0,3,0.0763549479594058,0.007632847951094709,0.0001999600079984003,100.0,0.06872210000831108,7.22543608201165,Strong,5000
1.0,4,0.07104004133797542,0.0068317746216885935,0.0001999600079984003,100.0,0.06420826671628684,6.937241038540901,Strong,5000
1.0,5,0.07649238338473069,0.006895593532377754,0.0001999600079984003,100.0,0.06959678985235293,7.443788647561285,Strong,5000
1.0,6,0.07089703918474131,0.0074283011892564855,0.0001999600079984003,100.0,0.06346873799548483,6.9345062502025065,Strong,5000
1.0,7,0.07407602451242704,0.007628309546801906,0.0001999600079984003,100.0,0.06644771496562513,7.1025157713154075,Strong,5000
1.0,8,0.07035055840196781,0.007051246890203763,0.0001999600079984003,100.0,0.06329931151176404,6.845575934556162,Strong,5000
1.0,9,0.07754371433938907,0.0065414202497377175,0.0001999600079984003,100.0,0.07100229408965135,7.763202395463717,Strong,5000
1.0,10,0.06594154925703384,0.006649200727177791,0.0001999600079984003,100.0,0.05929234852985605,6.3898441760845675,Strong,5000
1.0,11,0.0813061447519463,0.006877753652400639,0.0001999600079984003,100.0,0.07442839109954566,8.092648949496414,Strong,5000
1.0,12,0.07565140418615204,0.0071071192035643774,0.0001999600079984003,100.0,0.06854428498258766,7.396847338407189,Strong,5000
1.0,13,0.06546337987305724,0.00806608888899491,0.0001999600079984003,100.0,0.05739729098406233,6.035480960448946,Strong,5000
1.0,14,0.08103894075062021,0.007903029151030446,0.0001999600079984003,100.0,0.07313591159958976,7.465330179534326,Strong,5000
1.0,15,0.07705341130572164,0.007125949005117331,0.0001999600079984003,100.0,0.06992746230060432,7.40415248579664,Strong,5000
1.0,16,0.06500150665362173,0.0070511178346743765,0.0001999600079984003,100.0,0.05795038881894735,6.221785106629535,Strong,5000
1.0,17,0.08056242330197973,0.006808188583207024,0.0001999600079984003,100.0,0.07375423471877271,8.060674331405243,Strong,5000
1.0,18,0.0633834848159963,0.007218777143533234,0.0001999600079984003,100.0,0.056164707672463066,6.009909596976692,Strong,5000
1.0,19,0.08201793748998676,0.007059483939227394,0.0001999600079984003,100.0,0.07495845355075936,8.083185335392304,Strong,5000
1.0,20,0.07508217968908724,0.007170494869672185,0.0001999600079984003,100.0,0.06791168481941506,7.2284141202710686,Strong,5000
1.0,21,0.07697628342826814,0.007391846362680322,0.0001999600079984003,100.0,0.06958443706558781,7.4940050084313965,Strong,5000
1.0,22,0.06666280388156004,0.007726792157763904,0.0001999600079984003,100.0,0.05893601172379614,6.244634220230395,Strong,5000
1.0,23,0.08429532948212302,0.007842962849927824,0.0001999600079984003,100.0,0.0764523666321952,8.206107883165727,Strong,5000
1.0,24,0.0753385764317793,0.007362646246858813,0.0001999600079984003,100.0,0.06797593018492049,6.9353566991200974,Strong,5000
1.0,25,0.06306007358312209,0.006198177536330016,0.0001999600079984003,100.0,0.05686189604679207,6.1129118962733555,Strong,5000
1.0,26,0.07539150738392218,0.0070641975997644,0.0001999600079984003,100.0,0.06832730978415778,7.361874988920415,Strong,5000
1.0,27,0.06336178135115654,0.007235230199777399,0.0001999600079984003,100.0,0.05612655115137914,5.94233060460577,Strong,5000
1.0,28,0.0747000171153952,0.005925467426847823,0.0001999600079984003,100.0,0.06877454968854738,7.35642134215248,Strong,5000
1.0,29,0.07602983823241898,0.006344487507766647,0.0001999600079984003,100.0,0.06968535072465233,7.493883466886326,Strong,5000
1.0,30,0.08385142276867155,0.007250898765540971,0.0001999600079984003,100.0,0.07660052400313058,8.614652114867935,Strong,5000
1.0,31,0.06970680950129582,0.0073285646275629375,0.0001999600079984003,100.0,0.062378244873732884,6.602489973392087,Strong,5000
1.0,32,0.07815597650940284,0.007460323325778435,0.0001999600079984003,100.0,0.0706956531836244,7.6626900727547795,Strong,5000
1.0,33,0.0652954965205181,0.006460376988963237,0.0001999600079984003,100.0,0.05883511953155486,6.214588681989833,Strong,5000
1.0,34,0.07774683080956153,0.007537016180294794,0.0001999600079984003,100.0,0.07020981462926673,7.4430001010107425,Strong,5000
1.0,35,0.07869766500971243,0.007927761160590909,0.0001999600079984003,100.0,0.07076990384912152,7.578898721436334,Strong,5000
1.0,36,0.07548719947300497,0.00706378318787457,0.0001999600079984003,100.0,0.0684234162851304,7.234016499380199,Strong,5000
1.0,37,0.06600486521347802,0.006055854512695637,0.0001999600079984003,100.0,0.05994901070078239,6.4129698602688485,Strong,5000
1.0,38,0.0743955421375465,0.0069784234935436505,0.0001999600079984003,100.0,0.06741711864400285,7.2839105434504745,Strong,5000
1.0,39,0.0700398591382676,0.006612039620679303,0.0001999600079984003,100.0,0.0634278195175883,6.927043997260929,Strong,5000
1.0,40,0.06947431611906596,0.006247472248555248,0.0001999600079984003,100.0,0.06322684387051071,6.971637212233595,Strong,5000
1.0,41,0.06792482738899112,0.006780760629623913,0.0001999600079984003,100.0,0.06114406675936721,6.585221053643658,Strong,5000
1.0,42,0.06590275341777496,0.007323537959358328,0.0001999600079984003,100.0,0.058579215458416635,6.399583024769084,Strong,5000
1.0,43,0.06774302993317628,0.007133001986888416,0.0001999600079984003,100.0,0.060610027946287864,6.567069539568213,Strong,5000
1.0,44,0.07829184210933247,0.005924226418968925,0.0001999600079984003,100.0,0.07236761569036355,7.830348485452726,Strong,5000
1.0,45,0.07587021247303795,0.00625657255587671,0.0001999600079984003,100.0,0.06961363991716124,7.600028040514371,Strong,5000
1.0,46,0.07213426104721683,0.007194174103020332,0.0001999600079984003,100.0,0.0649400869441965,6.9781108147307895,Strong,5000
1.0,47,0.07191397655956863,0.007401719245967794,0.0001999600079984003,100.0,0.06451225731360084,6.797690947245202,Strong,5000
1.0,48,0.08804946076281246,0.007077165389214815,0.0001999600079984003,100.0,0.08097229537359765,8.507837409606692,Strong,5000
1.0,49,0.07700308205400655,0.007131040804956611,0.0001999600079984003,100.0,0.06987204124904994,7.583571325011445,Strong,5000
1.0,50,0.08231324541890743,0.00775620262747828,0.0001999600079984003,100.0,0.07455704279142915,8.158620302955628,Strong,5000
1.0,51,0.08137857202967112,0.007888565621805663,0.0001999600079984003,100.0,0.07349000640786546,7.722074536705773,Strong,5000
1.0,52,0.07450028059456137,0.006651294833658616,0.0001999600079984003,100.0,0.06784898576090276,7.332726986148447,Strong,5000
1.0,53,0.06776289660533509,0.007577937002166158,0.0001999600079984003,100.0,0.060184959603168935,6.58302974336588,Strong,5000
1.0,54,0.07471471259553802,0.006947306522006732,0.0001999600079984003,100.0,0.0677674060735313,7.264587683743784,Strong,5000
1.0,55,0.08143624805156043,0.007158278981767524,0.0001999600079984003,100.0,0.0742779690697929,7.912374719775473,Strong,5000
1.0,56,0.073755931684279,0.0072509288567028105,0.0001999600079984003,100.0,0.0665050028275762,7.0780046683113325,Strong,5000
1.0,57,0.0780206429444283,0.006879226993101117,0.0001999600079984003,100.0,0.07114141595132718,7.736999897010904,Strong,5000
1.0,58,0.07809213602173252,0.006873702655522834,0.0001999600079984003,100.0,0.07121843336620969,7.52076679100021,Strong,5000
1.0,59,0.05845559754966124,0.007279229626346489,0.0001999600079984003,100.0,0.05117636792331475,5.4058063081372,Strong,5000
1.0,60,0.07440938670294968,0.0073819132120489855,0.0001999600079984003,100.0,0.0670274734909007,7.292289928540979,Strong,5000
1.0,61,0.06985739319987243,0.006946059715652862,0.0001999600079984003,100.0,0.06291133348421957,6.831387074079164,Strong,5000
1.0,62,0.07088730383856225,0.007455225824539584,0.0001999600079984003,100.0,0.06343207801402266,6.737458609345077,Strong,5000
1.0,63,0.0629595415785427,0.007361978147268638,0.0001999600079984003,100.0,0.055597563431274054,5.914639575603735,Strong,5000
1.0,64,0.07851406879368861,0.007660494481854731,0.0001999600079984003,100.0,0.07085357431183388,7.6386917367174005,Strong,5000
1.0,65,0.07174536848108615,0.007324603468990617,0.0001999600079984003,100.0,0.06442076501209552,6.968716191997539,Strong,5000
1.0,66,0.0771801039376542,0.006980962100567206,0.0001999600079984003,100.0,0.070199141837087,7.472738125542064,Strong,5000
1.0,67,0.06440419854407242,0.007353630614757107,0.0001999600079984003,100.0,0.057050567929315316,6.124832026415024,Strong,5000
1.0,68,0.08713078802487718,0.006834094631690243,0.0001999600079984003,100.0,0.08029669339318694,8.821081044721845,Strong,5000
1.0,69,0.07521403577992875,0.006451897610290222,0.0001999600079984003,100.0,0.06876213816963853,7.403413863708933,Strong,5000
1.0,70,0.07972566132675911,0.00644860177401066,0.0001999600079984003,100.0,0.07327705955274845,7.706696530494654,Strong,5000
1.0,71,0.08767631623395253,0.007712097895515522,0.0001999600079984003,100.0,0.079964218338437,8.354167608911082,Strong,5000
1.0,72,0.06996505359572437,0.007093999777799729,0.0001999600079984003,100.0,0.06287105381792464,6.791802714852025,Strong,5000
1.0,73,0.08164794696646811,0.007470300116224579,0.0001999600079984003,100.0,0.07417764685024353,7.689861180459342,Strong,5000
1.0,74,0.06696745204666074,0.007409151230496711,0.0001999600079984003,100.0,0.059558300816164034,6.424528132148185,Strong,5000
1.0,75,0.07000374202888117,0.006902219601742992,0.0001999600079984003,100.0,0.06310152242713818,6.907301934996481,Strong,5000
1.0,76,0.08012251121789984,0.007537095509372398,0.0001999600079984003,100.0,0.07258541570852745,7.474193036321497,Strong,5000
1.0,77,0.07269846261991492,0.007841721307699176,0.0001999600079984003,100.0,0.06485674131221573,7.0113022435086485,Strong,5000
1.0,78,0.06981774525608024,0.007844317034235444,0.0001999600079984003,100.0,0.0619734282218448,6.803635832050383,Strong,5000
1.0,79,0.08047121839598533,0.007391655373019324,0.0001999600079984003,100.0,0.073079563022966,7.769121346292856,Strong,5000
1.0,80,0.07272778361012724,0.0072372125301060405,0.0001999600079984003,100.0,0.06549057108002121,6.928878304078654,Strong,5000
1.0,81,0.08044718295513414,0.007184979953165013,0.0001999600079984003,100.0,0.07326220300196913,8.021339669612443,Strong,5000
1.0,82,0.07528293778501102,0.006561628916746938,0.0001999600079984003,100.0,0.06872130886826408,7.545343156407822,Strong,5000
1.0,83,0.07727944482980569,0.007141688870851418,0.0001999600079984003,100.0,0.07013775595895427,7.307700226021911,Strong,5000
1.0,84,0.07864061942451271,0.0072070766284312885,0.0001999600079984003,100.0,0.07143354279608143,7.647773519308628,Strong,5000
1.0,85,0.06225226944593523,0.007004421327484982,0.0001999600079984003,100.0,0.05524784811845025,5.986029871459654,Strong,5000
1.0,86,0.0773685594532403,0.007365523377443944,0.0001999600079984003,100.0,0.07000303607579635,7.60509114991383,Strong,5000
1.0,87,0.07872673494472164,0.007331880779336689,0.0001999600079984003,100.0,0.07139485416538495,7.559222728064962,Strong,5000
1.0,88,0.07556599738870079,0.007690723677840523,0.0001999600079984003,100.0,0.06787527371086027,6.92141730862582,Strong,5000
1.0,89,0.07649747778860694,0.00782410006651734,0.0001999600079984003,100.0,0.06867337772208959,7.279260039255239,Strong,5000
1.0,90,0.07218444594914927,0.006628093901183746,0.0001999600079984003,100.0,0.06555635204796553,7.067870300808213,Strong,5000
1.0,91,0.08185111732358637,0.006181670126371169,0.0001999600079984003,100.0,0.0756694471972152,8.081194689246315,Strong,5000
1.0,92,0.08034196820989213,0.0077239125959512305,0.0001999600079984003,100.0,0.0726180556139409,7.573288813184195,Strong,5000
1.0,93,0.0870903043153715,0.00741414857271954,0.0001999600079984003,100.0,0.07967615574265197,8.552564822356548,Strong,5000
1.0,94,0.07118165285057625,0.00803986209404685,0.0001999600079984003,100.0,0.0631417907565294,6.354472413186644,Strong,5000
1.0,95,0.08042500507617154,0.0073700928764757695,0.0001999600079984003,100.0,0.07305491219969576,7.809539025008084,Strong,5000
1.0,96,0.06986682527825896,0.007556802087524012,0.0001999600079984003,100.0,0.062310023190734955,6.3563223571003356,Strong,5000
1.0,97,0.08585765070049016,0.0074056330052172355,0.0001999600079984003,100.0,0.07845201769527292,8.468654369158363,Strong,5000
1.0,98,0.07388364544869223,0.006598435479597163,0.0001999600079984003,100.0,0.06728520996909507,7.183337987459378,Strong,5000
1.0,99,0.07667044289422138,0.007456139497033063,0.0001999600079984003,100.0,0.06921430339718831,7.120179244463237,Strong,5000
