signal_date,signal_close,asset_ticker,strategy_name,entry_date,exit_date,entry_reference_open,exit_reference_open,entry_price,exit_price,entry_reason,shares,entry_commission,exit_commission,entry_slippage_bps,exit_slippage_bps,capital_before,capital_after,capital_deployed,capital_deployed_fraction,position_value,position_value_fraction,liquidity_cap_shares,gross_pnl,net_pnl,gross_return,net_position_return,return,holding_bars,holding_period_days,holding_period_hours,regime_at_entry,stop_loss_used,take_profit_used,exit_reason,timeframe_label,data_interval
2002-03-28,302.6000061035156,GC=F,turn_of_month_seasonality,2002-04-01,2002-04-08,302.6000061035156,299.0,302.6980414227256,298.9249169951943,turn_of_month_window,73.0,1.0,1.0,2.7397659363056173,2.0117680239057214,100000.0,99722.56191679022,22097.95702385897,0.2209795702385897,22096.95702385897,0.2209695702385897,73.66250000000001,-275.43808320978803,-277.43808320978803,-0.012464978001830138,-0.012555488201847296,-0.0027743808320978805,5,7,168.0,neutral,297.815873548805,,calendar_window_complete,Daily,1d
2002-04-30,308.8999938964844,GC=F,turn_of_month_seasonality,2002-05-01,2002-05-08,309.1000061035156,308.20001220703125,309.1855387567106,308.095017888571,turn_of_month_window,3.0,1.0,1.0,2.267151456036482,2.9078551214415893,99722.56191679022,99717.2903541858,928.5566162701318,0.009311399531080353,927.5566162701318,0.009301371710085998,3.785,-3.2715626044188184,-5.271562604418818,-0.003527075918637017,-0.005683278531952797,-5.2862286157644824e-05,5,7,168.0,calm,303.27976444679,,calendar_window_complete,Daily,1d
2002-05-31,326.5,GC=F,turn_of_month_seasonality,2002-06-03,2002-06-06,326.6000061035156,321.1000061035156,326.6768968349252,321.040442258971,turn_of_month_window,74.0,1.0,1.0,1.854278321267196,1.3553377302099374,99717.2903541858,99298.19271556518,24175.09036578446,0.24243629444720138,24174.09036578446,0.24242626609608545,74.3575,-417.09763862061004,-419.09763862061004,-0.017253912445490065,-0.01733664565156887,-0.0042028582719407775,3,3,72.0,neutral,321.4170033455847,,stop_loss,Daily,1d
2002-09-30,323.8999938964844,GC=F,turn_of_month_seasonality,2002-10-01,2002-10-08,322.0,319.0,322.0861596390433,318.9068022485048,turn_of_month_window,11.0,1.0,1.0,2.175765187677878,2.422413408497759,99298.19271556518,99261.21978426925,3543.947756029476,0.03568995224496121,3542.947756029476,0.03567988156821823,11.0,-34.97293129592333,-36.97293129592333,-0.009871139430832851,-0.010435641122001273,-0.00037234243932143346,5,7,168.0,calm,318.8147437676433,,calendar_window_complete,Daily,1d
2002-10-31,318.0,GC=F,turn_of_month_seasonality,2002-11-01,2002-11-08,318.79998779296875,321.5,318.8887796977809,321.41710168847084,turn_of_month_window,2.0,1.0,1.0,2.2851916001263817,2.0791506143783605,99261.21978426925,99264.27642825064,638.7775593955618,0.006435318453509415,637.7775593955618,0.006425244025629389,2.4050000000000002,5.056643981379921,3.0566439813799207,0.007928538574126428,0.0047926489986207434,3.079393934532661e-05,5,7,168.0,calm,313.6182293287117,,calendar_window_complete,Daily,1d
2002-11-27,316.79998779296875,GC=F,turn_of_month_seasonality,2002-12-02,2002-12-09,318.1000061035156,325.70001220703125,318.1690283446956,325.58651880014406,turn_of_month_window,136.0,1.0,1.0,1.6698283513235097,2.9858140719524044,99264.27642825064,100271.05513019163,43271.98785487861,0.4359270969567395,43270.98785487861,0.43591702283908124,136.37750000000003,1008.7787019409884,1006.7787019409884,0.023313049966046783,0.02326682962074966,0.010142407099181341,5,7,168.0,calm,312.7414791741914,,calendar_window_complete,Daily,1d
2003-04-30,339.1000061035156,GC=F,turn_of_month_seasonality,2003-05-01,2003-05-08,339.0,344.6000061035156,339.0346501381818,344.5372043962262,turn_of_month_window,6.0,1.0,1.0,0.522127969964647,1.3227844914320563,100271.05513019163,100302.0704557399,2035.2079008290907,0.020297062778351967,2034.2079008290907,0.020287089810592712,6.657500000000001,33.01532554826622,31.01532554826622,0.016230064554763564,0.015246880879592088,0.0003093148417356935,5,7,168.0,neutral,332.05690452960164,,calendar_window_complete,Daily,1d
2003-07-31,354.0,GC=F,turn_of_month_seasonality,2003-08-01,2003-08-04,354.1000061035156,346.5,354.144765271236,346.4472854769208,turn_of_month_window,215.0,1.075,1.075,0.7640261776016062,1.0215741409724992,100302.0704557399,98644.96229996214,76142.19953331574,0.7591288912317604,76141.12453331574,0.7591181736065398,215.81,-1654.9581557777678,-1657.108155777768,-0.021735404696494032,-0.021763641736768626,-0.01652117596624286,1,3,72.0,neutral,349.6914322455104,,stop_loss,Daily,1d
2003-08-29,375.7000122070313,GC=F,turn_of_month_seasonality,2003-09-02,2003-09-09,375.0,381.7000122070313,375.11482655689053,381.59432106963664,turn_of_month_window,8.0,1.0,1.0,2.56204151708099,2.269725112743952,98644.96229996214,98694.79825606411,3001.9186124551243,0.03043154503244487,3000.9186124551243,0.030421407667325717,8.67,51.835956101968804,49.835956101968804,0.01727336285856835,0.016606900265514632,0.0005052052830678403,5,7,168.0,neutral,367.40597552562105,,calendar_window_complete,Daily,1d
2003-09-30,385.3999938964844,GC=F,turn_of_month_seasonality,2003-10-01,2003-10-06,385.5,371.5,385.57699867890466,371.40236955284024,turn_of_month_window,40.0,1.0,1.0,1.4973716966189166,2.1286974764672473,98694.79825606411,98125.81309102154,15424.079947156186,0.156280576278583,15423.079947156186,0.15627044403232818,40.4975,-566.9851650425767,-568.9851650425767,-0.03676212319363107,-0.03689179897867871,-0.005765097807549513,3,5,120.0,neutral,378.60654492295726,,stop_loss,Daily,1d
2003-10-31,384.5,GC=F,turn_of_month_seasonality,2003-11-03,2003-11-05,382.7999877929687,382.6000061035156,382.86930183308783,382.47726280920784,turn_of_month_window,6.0,1.0,1.0,1.3107116595993826,2.709165779066454,98125.81309102154,98121.46085687826,2298.215810998527,0.02342111355415421,2297.215810998527,0.023410922555797107,6.6425,-2.3522341432799294,-4.352234143279929,-0.0010239500059236871,-0.0018945691225188595,-4.43536110038935e-05,2,2,48.0,neutral,377.02772956492527,,stop_loss,Daily,1d
2003-11-26,396.7999877929687,GC=F,turn_of_month_seasonality,2003-12-01,2003-12-08,397.2000122070313,409.0,397.2871627435656,408.92096555065217,turn_of_month_window,246.0,1.23,1.23,1.6941222018115254,1.4327561070724275,98121.46085687826,100980.91634742155,97733.87203491713,0.9960499077513076,97732.64203491714,0.9960373722673345,412.51750000000004,2861.9154905432956,2859.4554905432956,0.029283107782155458,0.02925793707205513,0.02914199875921282,5,7,168.0,neutral,389.4892179776588,,calendar_window_complete,Daily,1d
2003-12-31,415.7000122070313,GC=F,turn_of_month_seasonality,2004-01-05,2004-01-12,415.7000122070313,425.7999877929687,415.8013761406176,425.7439336499035,turn_of_month_window,21.0,1.0,1.0,1.9383914026877371,0.8166163657255899,100980.91634742155,101187.71005511655,8732.82889895297,0.08647999260482007,8731.82889895297,0.08647008974360461,21.5075,208.793707695004,206.793707695004,0.023911795582714678,0.023682748492678384,0.0020478493875371166,5,7,168.0,calm,408.5852620025247,,calendar_window_complete,Daily,1d
2004-03-31,427.2999877929687,GC=F,turn_of_month_seasonality,2004-04-01,2004-04-05,427.2000122070313,421.6000061035156,427.34160538701934,421.52840052261234,turn_of_month_window,236.0,1.18,1.18,2.8144470023903017,1.1987130834962427,101187.71005511655,99813.43370711649,100853.79887133656,0.9967000816245559,100852.61887133657,0.9966884201293076,264.09000000000003,-1371.9163480000516,-1374.2763480000517,-0.013603180198525964,-0.013626580681591366,-0.013581455171299842,2,4,96.0,neutral,419.8490844893504,,stop_loss,Daily,1d
2004-08-31,410.3999938964844,GC=F,turn_of_month_seasonality,2004-09-01,2004-09-07,407.2999877929687,398.0,407.3755884586576,397.904545085517,turn_of_month_window,6.0,1.0,1.0,1.3561421054428855,1.898940038810765,99813.43370711649,99754.60744687765,2445.2535307519456,0.024498240767140387,2444.2535307519456,0.024488222075639058,6.365,-56.8262602388437,-58.8262602388437,-0.023248922226722438,-0.02406716795075939,-0.0005893621535098989,3,6,144.0,neutral,402.7505808150564,,stop_loss,Daily,1d
2004-09-30,418.7000122070313,GC=F,turn_of_month_seasonality,2004-10-01,2004-10-05,419.1000061035156,415.2999877929687,419.16328868135383,415.1786951808379,turn_of_month_window,40.0,1.0,1.0,1.0099636582359817,2.421455593428061,99754.60744687765,99593.22370685701,16767.531547254155,0.16808779039287358,16766.531547254155,0.16807776579325262,40.36000000000001,-159.3837400206371,-161.3837400206371,-0.00950606507800591,-0.009625350333537936,-0.0016178073790383953,2,4,96.0,calm,413.2743393430037,,stop_loss,Daily,1d
2004-10-29,428.5,GC=F,turn_of_month_seasonality,2004-11-01,2004-11-08,427.2999877929687,432.7000122070313,427.3625131644274,432.6058826936062,turn_of_month_window,6.0,1.0,1.0,0.9632663993671862,1.6758722474839374,99593.22370685701,99622.68392403208,2565.1750789865646,0.02575652221617917,2564.1750789865646,0.025746481372407072,6.197500000000001,31.46021717507267,29.46021717507267,0.012269137717189987,0.01148915977559387,0.0002958054381469362,5,7,168.0,neutral,421.6521515521275,,calendar_window_complete,Daily,1d
2004-11-30,451.2999877929687,GC=F,turn_of_month_seasonality,2004-12-01,2004-12-08,451.6000061035156,449.0,451.7221649656972,448.8637887568012,turn_of_month_window,220.0,1.1,1.1,2.2050234838473184,2.53457856504824,99622.68392403208,98991.64115807497,99379.97629245339,0.9975637312505676,99378.87629245338,0.9975526895886019,459.02,-628.8427659571084,-631.0427659571085,-0.006327730695067856,-0.006349868196336494,-0.006334328097788594,5,7,168.0,calm,445.46633412834586,,calendar_window_complete,Daily,1d
2005-01-31,421.7999877929687,GC=F,turn_of_month_seasonality,2005-02-01,2005-02-04,422.2000122070313,416.3999938964844,422.25786723844095,416.3201284933542,turn_of_month_window,234.0,1.17,1.17,0.870322826547731,1.4183651633462098,98991.64115807497,97599.87029172467,98809.51093379519,0.9981601454208751,98808.34093379519,0.998148326241131,288.355,-1389.4308663502957,-1391.7708663502958,-0.01406187831127799,-0.014085560522495036,-0.014059478659696572,3,3,72.0,calm,415.18784433553776,,stop_loss,Daily,1d
2005-02-28,436.5,GC=F,turn_of_month_seasonality,2005-03-01,2005-03-04,435.0,434.2000122070313,435.0487001562536,434.0884154525993,turn_of_month_window,38.0,1.0,1.0,0.6195438219205003,2.0708300534967314,97599.87029172467,97561.3794729858,16532.850605937634,0.16939418624759614,16531.850605937634,0.1693839403323402,38.3125,-36.490818738862686,-38.490818738862686,-0.0022073039255361116,-0.0023282825169638416,-0.0003943736669302342,3,3,72.0,calm,429.9048105285152,,stop_loss,Daily,1d
2005-03-31,428.7000122070313,GC=F,turn_of_month_seasonality,2005-04-01,2005-04-05,428.2999877929687,423.7999877929687,428.39668407883295,423.69645019872894,turn_of_month_window,7.0,1.0,1.0,1.7576765963163843,1.9436738658357997,97561.3794729858,97526.47783582508,2999.7767885518306,0.030747584800012506,2998.7767885518306,0.03073733484244321,7.925000000000001,-32.90163716072806,-34.90163716072806,-0.010971685950862958,-0.011638624553174149,-0.0003577402999963948,2,4,96.0,neutral,423.2601144271765,,stop_loss,Daily,1d
2005-04-29,435.0,GC=F,turn_of_month_seasonality,2005-05-02,2005-05-04,429.5,429.0,429.6341194181977,428.92657768113315,turn_of_month_window,6.0,1.0,1.0,2.6226872688645786,1.2117689294007532,97526.47783582508,97520.23258540269,2578.804716509186,0.026442098327905533,2577.804716509186,0.026431844702201102,6.4475,-4.2452504223873575,-6.2452504223873575,-0.0016468471778328477,-0.002422701138837451,-6.403646026159725e-05,2,2,48.0,calm,428.62668488979875,,stop_loss,Daily,1d
2005-07-29,429.8999938964844,GC=F,turn_of_month_seasonality,2005-08-01,2005-08-08,430.0,437.0,430.1432410945681,436.85358462123884,turn_of_month_window,111.0,1.0,1.0,2.831188245770801,2.8515892719089044,97520.23258540269,98263.08071686314,47746.89976149706,0.4896101916049373,47745.89976149706,0.4895999373225849,111.435,744.8481314604506,742.8481314604506,0.015600253323974559,0.015558364910309921,0.007617374484929642,5,7,168.0,calm,425.98956075063995,,calendar_window_complete,Daily,1d
2005-08-31,433.7999877929687,GC=F,turn_of_month_seasonality,2005-09-01,2005-09-09,438.5,449.0,438.57773835576376,448.91747123792214,turn_of_month_window,4.0,1.0,1.0,1.2728245328113825,1.3383949693534665,98263.08071686314,98302.43964839178,1755.310953423055,0.01786338206188382,1754.310953423055,0.01785320529973974,4.5825000000000005,41.35893152863355,39.35893152863355,0.023575598982570892,0.022435550238021046,0.0004005464844120145,5,8,192.0,neutral,429.08649951854386,,calendar_window_complete,Daily,1d
2005-09-30,469.0,GC=F,turn_of_month_seasonality,2005-10-03,2005-10-10,467.7999877929687,474.7999877929687,467.8836196938103,474.73245519275434,turn_of_month_window,29.0,1.0,1.0,1.2877704793488716,0.922540200814262,98302.43964839178,98499.05587786116,13569.6249711205,0.1380395544572072,13568.6249711205,0.1380293817696973,29.502499999999998,198.61622946937678,196.61622946937678,0.014637903980109416,0.014490505109239537,0.0020001154617589737,5,7,168.0,calm,463.3440008445606,,calendar_window_complete,Daily,1d
2005-10-31,465.1000061035156,GC=F,turn_of_month_seasonality,2005-11-01,2005-11-07,463.0,459.0,463.0480262769425,458.9516015738869,turn_of_month_window,4.0,1.0,1.0,0.5372845991892395,0.5545431358585411,98499.05587786116,98480.67017904893,1853.19210510777,0.01881431338190417,1852.19210510777,0.018804161000329674,4.032500000000001,-16.385698812222472,-18.385698812222472,-0.008846651903458506,-0.00992645350421289,-0.00018665862985550583,4,6,144.0,neutral,457.8471544312167,,stop_loss,Daily,1d
2005-11-30,494.6000061035156,GC=F,turn_of_month_seasonality,2005-12-01,2005-12-08,494.2000122070313,514.5999755859375,494.29131695956823,514.4331452246338,turn_of_month_window,199.0,1.0,1.0,1.3475263108377105,2.7429940188017365,98480.67017904893,102486.89400379697,98364.97207495407,0.9988251694075141,98363.97207495407,0.9988150151305561,394.105,4008.2238247480454,4006.2238247480454,0.04074890165775076,0.04072856900995492,0.040680306271924024,5,7,168.0,neutral,486.80536296651286,,calendar_window_complete,Daily,1d
2006-12-29,635.2000122070312,GC=F,turn_of_month_seasonality,2007-01-02,2007-01-05,635.2000122070312,623.7000122070312,635.3663265491258,623.5379986852406,turn_of_month_window,9.0,1.0,1.0,2.1182987861830784,2.0982942841071273,102486.89400379697,102378.43905302201,5719.296938942132,0.05580515435203102,5718.296938942132,0.05579539700686293,9.557500000000001,-106.45495077496673,-108.45495077496673,-0.018616548233093434,-0.018966302717926112,-0.001058232389899031,3,3,72.0,neutral,625.2065986621666,,stop_loss,Daily,1d
2007-03-30,663.0,GC=F,turn_of_month_seasonality,2007-04-02,2007-04-10,665.5,673.9000244140625,665.6744285463599,673.7312795043919,turn_of_month_window,132.0,1.0,1.0,2.1210149715971065,2.004632259241917,102378.43905302201,103439.94337948224,87870.02456811951,0.8582864261352083,87869.02456811951,0.8582766584535632,132.4275,1063.5043264602223,1061.5043264602223,0.012103290456305819,0.01208052930685833,0.010368436325840707,5,8,192.0,calm,650.3914532749612,,calendar_window_complete,Daily,1d
2007-04-30,680.5,GC=F,turn_of_month_seasonality,2007-05-01,2007-05-08,673.7000122070312,685.0999755859375,673.814366064279,684.9436475299938,turn_of_month_window,11.0,1.0,1.0,1.197400254946753,1.7823491612400395,103439.94337948224,103560.3654756051,7412.95802670707,0.07166436663167647,7411.95802670707,0.07165469918632286,11.090000000000002,122.42209612286183,120.42209612286183,0.01651683612909646,0.016247001897332934,0.0011641740336330083,5,7,168.0,calm,668.0786442005145,,calendar_window_complete,Daily,1d
2007-05-31,661.0,GC=F,turn_of_month_seasonality,2007-06-01,2007-06-08,661.5,658.5,661.7085411579948,658.3276404970221,turn_of_month_window,156.0,1.0,1.0,2.6525496295493443,2.1181416725525657,103560.3654756051,103030.94497249337,103227.53242064719,0.996786096172707,103226.53242064719,0.9967764399688551,396.83750000000003,-527.4205031117344,-529.4205031117344,-0.005109350190729072,-0.005128725054469045,-0.005112192301372728,5,7,168.0,neutral,649.1859140302939,,calendar_window_complete,Daily,1d
2007-06-29,648.0999755859375,GC=F,turn_of_month_seasonality,2007-07-02,2007-07-10,656.7999877929688,662.5,656.9057744781057,662.3408734445163,turn_of_month_window,6.0,1.0,1.0,1.1106377451744014,1.9024873273506957,103030.94497249337,103061.55556629183,3942.4346468686344,0.03826456845485756,3941.4346468686344,0.03825486263297786,6.327500000000001,32.61059379846347,30.61059379846347,0.008273787775314687,0.007766358329138547,0.0002971009710396786,5,8,192.0,neutral,636.5197347405552,,calendar_window_complete,Daily,1d
2007-07-31,666.9000244140625,GC=F,turn_of_month_seasonality,2007-08-01,2007-08-08,663.2000122070312,674.7000122070312,663.3390635571654,674.5849590766165,turn_of_month_window,155.0,1.0,1.0,1.5966729127678283,1.2055395153225548,103061.55556629183,104802.66937180675,102818.55485136065,0.9976421788551902,102817.55485136065,0.9976324759160632,345.245,1743.11380551492,1741.11380551492,0.01695346488286822,0.016934012951698576,0.01689392126819773,5,7,168.0,neutral,656.4696491599434,,calendar_window_complete,Daily,1d
2007-08-31,673.0,GC=F,turn_of_month_seasonality,2007-09-04,2007-09-11,682.5,703.5,682.6571630462507,703.411355518158,turn_of_month_window,12.0,1.0,1.0,1.8027552564197395,0.7602082856171756,104802.66937180675,105049.71968146964,8192.885956555008,0.07817440152682789,8191.885956555008,0.07816485978513377,12.21,249.05030966288678,247.05030966288678,0.03040207236571707,0.03015792834191024,0.0023572902402555257,5,7,168.0,neutral,661.2386332741189,,calendar_window_complete,Daily,1d
2007-09-28,742.7999877929688,GC=F,turn_of_month_seasonality,2007-10-01,2007-10-03,745.0999755859375,727.5999755859375,745.2033527572246,727.4397878967585,turn_of_month_window,68.0,1.0,1.0,0.8874268510855963,1.7020748912046892,105049.71968146964,103839.79727095795,50674.82798749127,0.4823889881967016,50673.82798749127,0.482379468894765,68.8775,-1207.9224105116941,-1209.9224105116941,-0.023837204696867724,-0.023876672802582845,-0.011517616745483994,2,2,48.0,calm,731.5393921989468,,stop_loss,Daily,1d
2007-10-31,792.0,GC=F,turn_of_month_seasonality,2007-11-01,2007-11-08,785.2999877929688,829.7999877929688,785.4673843589368,829.5137388453091,turn_of_month_window,4.0,1.0,1.0,1.6316257299138854,2.950804179060608,103839.79727095795,104013.98268890343,3142.869537435747,0.030266522277916166,3141.869537435747,0.03025689205880672,4.24,176.18541794548946,174.18541794548946,0.05607661802828519,0.055440054359370945,0.0016774437404858634,5,7,168.0,neutral,776.5422221272813,,calendar_window_complete,Daily,1d
2007-12-31,834.9000244140625,GC=F,turn_of_month_seasonality,2008-01-02,2008-01-09,848.7000122070312,885.0,848.9671954669024,884.7829590307266,turn_of_month_window,19.0,1.0,1.0,2.648147237281642,1.9530419246690474,104013.98268890343,104692.4821966161,16131.376713871145,0.15508853999099964,16130.376713871145,0.15507892589898867,19.2025,680.4995077126607,678.4995077126607,0.042187452889892674,0.042063463225207404,0.006523156696556774,5,7,168.0,neutral,812.7952836844611,,calendar_window_complete,Daily,1d
2009-05-29,978.7999877929688,GC=F,turn_of_month_seasonality,2009-06-01,2009-06-08,978.7999877929688,958.0,979.0484446030121,957.7527752465352,turn_of_month_window,106.0,1.0,1.0,2.0383818261328357,2.081300308957026,104692.4821966161,102433.14124482955,103780.13512791927,0.9912854576608147,103779.13512791927,0.9912759058765889,586.3975,-2257.3409517865493,-2259.3409517865493,-0.02175139491193607,-0.02177066660848215,-0.02158073726386035,5,7,168.0,calm,953.3242213420295,,calendar_window_complete,Daily,1d
2009-06-30,927.0999755859376,GC=F,turn_of_month_seasonality,2009-07-01,2009-07-09,929.2999877929688,907.2000122070312,929.3991751264017,907.0114895092486,turn_of_month_window,18.0,1.0,1.0,0.5673338505943477,1.578503965641142,102433.14124482955,102028.16290372079,16730.18515227523,0.16332785413939171,16729.18515227523,0.16331809167396455,18.8625,-402.97834110875624,-404.97834110875624,-0.024088342465021357,-0.024207894014113277,-0.00395358705383057,5,8,192.0,neutral,900.0119373102253,,calendar_window_complete,Daily,1d
2009-07-31,953.7000122070312,GC=F,turn_of_month_seasonality,2009-08-03,2009-08-10,952.5999755859376,955.0,952.9115193061054,954.8965742267421,turn_of_month_window,107.0,1.0,1.0,2.7704569405024118,0.583109690090602,102028.16290372079,102238.56378022891,101962.53256575328,0.9993567429217614,101961.53256575328,0.9993469417063758,443.1625,212.4008765081253,210.4008765081253,0.002083147155238683,0.002063531914572207,0.0020621843079412375,5,7,168.0,neutral,930.3966767112152,,calendar_window_complete,Daily,1d
2009-08-31,951.7000122070312,GC=F,turn_of_month_seasonality,2009-09-01,2009-09-09,954.2000122070312,1002.0,954.3225400308484,1001.6580889625008,turn_of_month_window,12.0,1.0,1.0,0.7840895226332576,2.91345057027835,102238.56378022891,102804.59036740875,11452.87048037018,0.1120210423240018,11451.87048037018,0.11201126127893402,12.225000000000001,568.0265871798288,566.0265871798288,0.049601206034725204,0.04942656207560706,0.005536331558770273,5,8,192.0,calm,928.2320884230733,,calendar_window_complete,Daily,1d
2009-09-30,1008.0,GC=F,turn_of_month_seasonality,2009-10-01,2009-10-08,1007.4000244140624,1045.800048828125,1007.7094005824924,1045.6174370077447,turn_of_month_window,39.0,1.0,1.0,2.571035943342754,1.2464496470412738,102804.59036740875,104281.00378799358,39301.6666227172,0.38229486137008795,39300.6666227172,0.38228513417798077,39.0625,1478.4134205848377,1476.4134205848377,0.0376180240090447,0.03756713428701531,0.01436135697159387,5,7,168.0,neutral,983.9368479114853,,calendar_window_complete,Daily,1d
2009-10-30,1039.699951171875,GC=F,turn_of_month_seasonality,2009-11-02,2009-11-09,1053.4000244140625,1098.5999755859375,1053.6649669509923,1098.4333383184348,turn_of_month_window,8.0,1.0,1.0,2.015118006355177,1.0170448828295782,104281.00378799358,104637.15075893313,8430.319735607938,0.08084233397625354,8429.319735607938,0.0808327445020092,8.0975,358.14697093954055,356.14697093954055,0.04248824130215655,0.04225097423165365,0.0034152622050282336,5,7,168.0,neutral,1012.9879095927462,,calendar_window_complete,Daily,1d
2009-11-30,1181.0999755859375,GC=F,turn_of_month_seasonality,2009-12-01,2009-12-08,1181.0,1159.5,1181.1233982553317,1159.3038403488786,turn_of_month_window,88.0,1.0,1.0,0.5448624498879566,1.1920469362227546,104637.15075893313,102715.02966316525,103939.8590464692,0.9933360980549788,103938.8590464692,0.9933265412198323,833.225,-1920.1210957678777,-1922.1210957678777,-0.018473563336975116,-0.01849280541850601,-0.018369394443815946,5,7,168.0,neutral,1145.2582517961864,,stop_loss,Daily,1d
2010-01-29,1083.0,GC=F,turn_of_month_seasonality,2010-02-01,2010-02-08,1081.0,1065.699951171875,1081.3375190311951,1065.3905624770293,turn_of_month_window,94.0,1.0,1.0,2.622285209945665,2.4039931996995465,102715.02966316525,101214.01574707366,101646.72678893234,0.9895993519377232,101645.72678893234,0.9895896162641487,802.0325,-1499.013916091586,-1501.013916091586,-0.014747436645362308,-0.014767112829134923,-0.014613381517913014,5,7,168.0,neutral,1048.5316657677288,,stop_loss,Daily,1d
2010-03-31,1113.300048828125,GC=F,turn_of_month_seasonality,2010-04-01,2010-04-09,1125.0999755859375,1161.0999755859375,1125.2653508581946,1160.8741649957599,turn_of_month_window,89.0,1.0,1.0,0.969871796691854,1.4451771517226693,101214.01574707366,104381.20020531697,100149.61622637931,0.9894836746389531,100148.61622637931,0.9894737945843716,555.1850000000001,3169.1844582433146,3167.1844582433146,0.03164481525216068,0.03162484493129794,0.031291955317313706,5,8,192.0,calm,1087.5216224456524,,calendar_window_complete,Daily,1d
2010-04-30,1180.0999755859375,GC=F,turn_of_month_seasonality,2010-05-03,2010-05-10,1178.5999755859375,1200.4000244140625,1178.8314072285625,1200.1238315835426,turn_of_month_window,20.0,1.0,1.0,1.4636148601646175,1.801369435815276,104381.20020531697,104805.04869241657,23577.628144571252,0.2258800253129323,23576.628144571252,0.22587044504370726,20.552500000000002,425.8484870996017,423.8484870996017,0.01806231512361777,0.017977485351195012,0.004060582617041145,5,7,168.0,calm,1153.8174128287942,,calendar_window_complete,Daily,1d
2010-05-28,1212.199951171875,GC=F,turn_of_month_seasonality,2010-06-01,2010-06-08,1224.800048828125,1241.5,1225.1843803940678,1241.1998562300812,turn_of_month_window,85.0,1.0,1.0,2.6379127255146106,1.9181743851502633,104805.04869241657,106164.36413847771,104141.67233349576,0.9936703778377347,104140.67233349576,0.9936608363126606,904.1525,1361.315446061136,1359.315446061136,0.013071890314878282,0.013052685522406854,0.01296994241232095,5,7,168.0,neutral,1181.720033699474,,calendar_window_complete,Daily,1d
2010-07-30,1181.699951171875,GC=F,turn_of_month_seasonality,2010-08-02,2010-08-09,1183.4000244140625,1205.800048828125,1183.686695381299,1205.463013928064,turn_of_month_window,89.0,1.0,1.0,1.9224350289194356,2.295895819008729,106164.36413847771,108100.4564891398,105349.1158889356,0.9923208860510037,105348.1158889356,0.9923114666944416,668.6875,1938.0923506620823,1936.0923506620823,0.01839702907174284,0.018378044394293948,0.01823674418787739,5,7,168.0,neutral,1155.674179249038,,calendar_window_complete,Daily,1d
2010-08-31,1248.300048828125,GC=F,turn_of_month_seasonality,2010-09-01,2010-09-09,1246.300048828125,1248.9000244140625,1246.6795579746524,1248.7461672990328,turn_of_month_window,15.0,1.0,1.0,2.5450865093400474,0.7320927908231907,108100.4564891398,108129.4556290055,18701.193369619785,0.1729982830507157,18700.193369619785,0.1729890323959777,15.37,30.999139865705274,28.999139865705274,0.0016576908726551607,0.0015507401069347814,0.00026826103059628283,5,8,192.0,calm,1226.620274434661,,calendar_window_complete,Daily,1d
2010-09-30,1307.800048828125,GC=F,turn_of_month_seasonality,2010-10-01,2010-10-08,1309.0,1333.5,1309.3771876957367,1333.3072743351802,turn_of_month_window,82.0,1.0,1.0,2.3814950018071808,0.9454707367877747,108129.4556290055,110089.72273343988,107369.9293910504,0.9929757693355912,107368.9293910504,0.9929665211617777,82.89750000000001,1962.2671044343683,1960.2671044343683,0.01827593062130254,0.01825730325851385,0.01812889090240209,5,7,168.0,calm,1286.7258753582755,,calendar_window_complete,Daily,1d
2010-10-29,1357.0999755859375,GC=F,turn_of_month_seasonality,2010-11-01,2010-11-08,1360.300048828125,1390.5,1360.6230639131732,1390.3277567206744,turn_of_month_window,7.0,1.0,1.0,1.8745870282565074,0.7388681625103711,110089.72273343988,110295.65558309239,9525.361447392212,0.08652362101461512,9524.361447392212,0.08651453751458288,7.5925,207.93284965250882,205.93284965250882,0.02183168402428083,0.0216216961934906,0.0018705910464606565,5,7,168.0,neutral,1321.5438932234695,,calendar_window_complete,Daily,1d
2010-12-31,1421.0999755859375,GC=F,turn_of_month_seasonality,2011-01-03,2011-01-05,1415.5999755859375,1383.4000244140625,1415.8955056934763,1382.9749776005171,turn_of_month_window,25.0,1.0,1.0,1.5876668030218148,2.5734237454006315,110295.65558309239,109470.64238076842,35398.38764233691,0.3209409061054917,35397.38764233691,0.32093183956524846,25.505000000000003,-823.0132023239776,-825.0132023239776,-0.02325067631091555,-0.023307177655596926,-0.0074800154000847765,2,2,48.0,neutral,1388.7497625235867,,stop_loss,Daily,1d
2011-01-31,1333.800048828125,GC=F,turn_of_month_seasonality,2011-02-01,2011-02-08,1333.0999755859375,1351.199951171875,1333.2369745678045,1351.0090251549545,turn_of_month_window,82.0,1.0,1.0,0.5276722254598203,0.9132105216582665,109470.64238076842,110925.95052891472,109326.43191455997,0.998682656253109,109325.43191455997,0.9986735213839034,748.4475000000001,1457.3081481463028,1455.3081481463028,0.013330001287213926,0.013311707282196291,0.01329404958714272,5,7,168.0,neutral,1297.17734959812,,calendar_window_complete,Daily,1d
2011-02-28,1409.300048828125,GC=F,turn_of_month_seasonality,2011-03-01,2011-03-08,1415.300048828125,1431.5999755859375,1415.5820972405422,1431.444870887221,turn_of_month_window,70.0,1.0,1.0,1.4928524177671652,0.5835534212392943,110925.95052891472,112034.34468418223,99091.74680683795,0.8933143807589733,99090.74680683795,0.893305365735931,70.3125,1110.3941552675133,1108.3941552675133,0.011205830928210224,0.011185647408916555,0.009992198849615372,5,7,168.0,calm,1380.627008640065,,calendar_window_complete,Daily,1d
2011-03-31,1438.9000244140625,GC=F,turn_of_month_seasonality,2011-04-01,2011-04-08,1433.4000244140625,1457.5999755859375,1433.878593723569,1457.2628675324293,turn_of_month_window,78.0,1.0,1.0,2.8387003024674318,1.8132961184912493,112034.34468418223,113856.31804127332,111843.5303104384,0.9982968225120454,111842.5303104384,0.9982878966777148,480.945,1823.9733570910912,1821.9733570910912,0.01630840568456683,0.016290523399585893,0.016262632340351697,5,7,168.0,calm,1411.7081699920964,,calendar_window_complete,Daily,1d
2011-04-29,1556.0,GC=F,turn_of_month_seasonality,2011-05-02,2011-05-05,1572.9000244140625,1514.699951171875,1573.3028339603145,1514.4216051666015,turn_of_month_window,39.0,1.0,1.0,2.060935469512332,1.3379690591034519,113856.31804127332,111557.9501183185,61359.81052445227,0.5389231935482853,61358.81052445227,0.5389144105486485,39.5025,-2296.3679229548084,-2298.3679229548084,-0.03742523532198651,-0.0374578304779699,-0.02018656463246635,3,3,72.0,calm,1523.2362581554023,,stop_loss,Daily,1d
2011-05-31,1535.9000244140625,GC=F,turn_of_month_seasonality,2011-06-01,2011-06-08,1535.699951171875,1544.199951171875,1536.1317970956259,1543.7305078766497,turn_of_month_window,72.0,1.0,1.0,2.3120462165902462,2.5409666248741227,111557.9501183185,112103.05729455221,110602.48939088506,0.9914352968441955,110601.48939088506,0.9914263328931823,677.6225000000001,547.1071762337124,545.1071762337124,0.0049466528818625545,0.004928569942735653,0.00488631402473397,5,7,168.0,neutral,1504.3035799250551,,calendar_window_complete,Daily,1d
2011-06-30,1502.300048828125,GC=F,turn_of_month_seasonality,2011-07-01,2011-07-11,1502.199951171875,1550.0,1502.662118144499,1549.5366680433672,turn_of_month_window,26.0,1.0,1.0,2.5766009029851573,2.4901322517127733,112103.05729455221,113319.7955919228,39070.215071756975,0.3485205133085665,39069.215071756975,0.3485115929452496,26.3275,1218.7382973705753,1216.7382973705753,0.031194337923916928,0.031143146723982995,0.010853747674102946,5,10,240.0,calm,1469.9951863039587,,calendar_window_complete,Daily,1d
2011-07-29,1628.300048828125,GC=F,turn_of_month_seasonality,2011-08-01,2011-08-08,1623.0,1679.0999755859375,1623.4384436162095,1678.515928184813,turn_of_month_window,69.0,1.0,1.0,2.2014394097941694,2.9795463737797405,113319.7955919228,117118.14202715644,112018.25260951846,0.9885144252546012,112017.25260951846,0.9885056006710872,774.83,3800.3464352336414,3798.3464352336414,0.03392643853247579,0.03390858413992992,0.033518825333147526,5,7,168.0,calm,1595.1277209140164,,calendar_window_complete,Daily,1d
2012-01-31,1737.800048828125,GC=F,turn_of_month_seasonality,2012-02-01,2012-02-08,1738.199951171875,1744.0,1738.5544593255656,1743.7474790478227,turn_of_month_window,67.0,1.0,1.0,1.5395130804811252,0.9481509232936692,117118.14202715644,117464.07434854767,116484.1487748129,0.9945867203716694,116483.1487748129,0.9945781819848516,594.27,347.93232139122415,345.93232139122415,0.002986975584458594,0.0029698057189369606,0.0029537039727885375,5,7,168.0,neutral,1693.3654325633372,,calendar_window_complete,Daily,1d
2012-08-31,1684.5999755859375,GC=F,turn_of_month_seasonality,2012-09-04,2012-09-11,1689.0999755859375,1736.0,1689.5927743753766,1735.6516535883127,turn_of_month_window,16.0,1.0,1.0,2.4175229208568205,1.5070064806329115,117464.07434854767,118199.01641595465,27034.484390006026,0.23015108695946815,27033.484390006026,0.23014257371824484,16.61,736.942067406977,734.942067406977,0.027260343386567517,0.027186361062604154,0.006256739104981197,5,7,168.0,calm,1650.091166955354,,calendar_window_complete,Daily,1d
2012-09-28,1771.0999755859375,GC=F,turn_of_month_seasonality,2012-10-01,2012-10-08,1766.0,1778.0,1766.4792797494495,1777.6670872058176,turn_of_month_window,64.0,1.0,1.0,2.2139283660789175,1.3727510712131534,118199.01641595465,118913.03609316221,113055.67390396477,0.9564857418619295,113054.67390396477,0.9564772815546416,64.03750000000001,716.0196772075578,714.0196772075578,0.006333392972463808,0.006315702416815494,0.006040825878743764,5,7,168.0,calm,1737.8105521930395,,calendar_window_complete,Daily,1d
2012-10-31,1717.5,GC=F,turn_of_month_seasonality,2012-11-01,2012-11-05,1722.300048828125,1682.800048828125,1722.8966002113345,1682.5298302404833,turn_of_month_window,3.0,1.0,1.0,2.96369021829599,1.106025538359676,118913.03609316221,118789.93578324966,5169.689800634003,0.043474542156873526,5168.689800634003,0.043466132649952714,3.5700000000000003,-121.10030991255371,-123.10030991255371,-0.02342959523276078,-0.023816540489130136,-0.0010352129081635001,2,4,96.0,calm,1688.628336197111,,stop_loss,Daily,1d
2012-11-30,1710.9000244140625,GC=F,turn_of_month_seasonality,2012-12-03,2012-12-10,1714.9000244140625,1704.199951171875,1715.3894229895893,1703.8619403715531,turn_of_month_window,69.0,1.0,1.0,2.353802370747374,1.48379218593412,118789.93578324966,117992.53948260516,118362.87018628167,0.9964048671787546,118361.87018628167,0.9963964489571822,864.3825000000002,-795.396300644496,-797.396300644496,-0.006720038297744672,-0.0067369356312934935,-0.006712658739873949,5,7,168.0,neutral,1681.4094730985662,,calendar_window_complete,Daily,1d
2012-12-31,1674.800048828125,GC=F,turn_of_month_seasonality,2013-01-02,2013-01-07,1672.800048828125,1656.5,1673.3225430540792,1655.9763158809492,turn_of_month_window,17.0,1.0,1.0,2.623470891337171,2.662388942574335,117992.53948260516,117695.65362066195,28447.48323191935,0.24109560957549495,28446.48323191935,0.24108713446338714,17.6525,-294.8858619432108,-296.8858619432108,-0.010366338065027457,-0.010436645525661318,-0.002516140963191818,3,5,120.0,calm,1642.250480555647,,stop_loss,Daily,1d
2014-02-28,1321.4000244140625,GC=F,turn_of_month_seasonality,2014-03-03,2014-03-10,1335.9000244140625,1336.0,1336.1118974431977,1335.619431239302,turn_of_month_window,44.0,1.0,1.0,1.0859946497737958,2.3493802335970826,117695.65362066195,117671.98510769053,58789.923487500695,0.4995080249690706,58788.923487500695,0.4994995284785951,44.4075,-21.668512971409655,-23.668512971409655,-0.0003685815573067377,-0.00040260157130521184,-0.0002010992950316948,5,7,168.0,calm,1291.5828561216688,,calendar_window_complete,Daily,1d
2014-06-30,1321.800048828125,GC=F,turn_of_month_seasonality,2014-07-01,2014-07-09,1326.699951171875,1324.0,1327.1238559503904,1323.825686151325,turn_of_month_window,24.0,1.0,1.0,2.6951819862568422,0.816743212482242,117671.98510769053,117590.82903251296,31851.97254280937,0.2706844157822206,31850.97254280937,0.2706759175827631,24.6125,-79.15607517756871,-81.15607517756871,-0.0024852011997805973,-0.0025479936309163154,-0.0006896805140433099,5,8,192.0,calm,1297.9571360569907,,calendar_window_complete,Daily,1d
2014-08-29,1285.800048828125,GC=F,turn_of_month_seasonality,2014-09-02,2014-09-03,1284.5,1266.300048828125,1284.7355032215198,1265.8674036900036,turn_of_month_window,19.0,1.0,1.0,1.333423289372797,2.917776118260407,117590.82903251296,117230.33514141415,24410.974561208877,0.20759250327641987,24409.974561208877,0.20758399921187481,19.12,-358.4938910988085,-360.4938910988085,-0.014686368893989313,-0.014768302613132892,-0.003065663318005307,1,1,24.0,calm,1265.297286409786,,stop_loss,Daily,1d
2015-01-30,1278.5,GC=F,turn_of_month_seasonality,2015-02-02,2015-02-09,1284.0999755859375,1237.5,1284.349684088167,1237.268314463117,turn_of_month_window,91.0,1.0,1.0,1.4446188534937021,1.3725569399520756,117230.33514141415,112943.9305055346,116876.82125202319,0.9969844504072728,116875.82125202319,0.9969759201919596,646.5375,-4284.40463587955,-4286.40463587955,-0.0366577499946798,-0.036674862173901944,-0.03656395446373918,5,7,168.0,neutral,1240.9507030936425,,stop_loss,Daily,1d
2016-03-31,1234.199951171875,GC=F,turn_of_month_seasonality,2016-04-01,2016-04-08,1232.300048828125,1241.0,1232.619337808557,1240.7056041398305,turn_of_month_window,91.0,1.0,1.0,2.091000306587109,1.8728099493314472,112943.9305055346,113677.78074168049,112169.35974057869,0.993141988582397,112168.35974057869,0.9931331346316311,610.0175,735.8502361458852,733.8502361458852,0.006560229977934496,0.0065423996378579765,0.00649747386035874,5,7,168.0,neutral,1193.7294991735023,,calendar_window_complete,Daily,1d
2016-04-29,1289.199951171875,GC=F,turn_of_month_seasonality,2016-05-02,2016-05-09,1292.0999755859375,1286.5,1292.2550355998933,1286.2715109269686,turn_of_month_window,20.0,1.0,1.0,0.7000620453959288,1.276367361714902,113677.78074168049,113556.11024822199,25846.100711997868,0.22736281921908838,25845.100711997868,0.22735402242526045,20.880000000000003,-119.67049345849318,-121.67049345849318,-0.004630297045154848,-0.004707681150648836,-0.0010703102458955915,5,7,168.0,neutral,1252.3255104121183,,calendar_window_complete,Daily,1d
2016-05-31,1214.800048828125,GC=F,turn_of_month_seasonality,2016-06-01,2016-06-08,1215.699951171875,1247.5999755859375,1216.1245256634927,1247.2431676996391,turn_of_month_window,93.0,1.0,1.0,2.9924283019689133,2.360772426250629,113556.11024822199,116448.1439575836,113100.58088670482,0.9959885085838056,113099.58088670482,0.995979702364591,679.24,2894.0337093616163,2892.0337093616163,0.02558836811482666,0.025570684583337683,0.025467882820571504,5,7,168.0,calm,1182.618750173567,,calendar_window_complete,Daily,1d
2016-07-29,1349.0,GC=F,turn_of_month_seasonality,2016-08-01,2016-08-08,1348.800048828125,1330.0,1349.2438828887152,1329.8388258113653,turn_of_month_window,86.0,1.0,1.0,2.790584553106962,0.7119828772211585,116448.1439575836,114777.30904893151,116035.9739284295,0.9964604843396712,116034.9739284295,0.9964518968262424,704.1325,-1668.834908652097,-1670.834908652097,-0.014382171617338717,-0.01439940779995064,-0.014348317215435405,5,7,168.0,calm,1316.2636347537496,,calendar_window_complete,Daily,1d
2016-08-31,1306.9000244140625,GC=F,turn_of_month_seasonality,2016-09-01,2016-09-09,1305.300048828125,1338.5,1305.736989545324,1338.1557376683002,turn_of_month_window,17.0,1.0,1.0,2.8474350789405025,2.072662673028591,114777.30904893151,115326.4277670221,22198.528822270506,0.19340520357387797,22197.528822270506,0.1933964910503985,17.352500000000003,551.1187180905961,549.1187180905961,0.024827931185640154,0.024737831066117235,0.004784209724384612,5,8,192.0,calm,1280.7754306391157,,calendar_window_complete,Daily,1d
2016-09-30,1313.300048828125,GC=F,turn_of_month_seasonality,2016-10-03,2016-10-05,1313.5,1272.0999755859375,1313.7330428277012,1271.8920048332193,turn_of_month_window,46.0,1.0,1.0,1.2742126204881914,1.135129019821705,115326.4277670221,113399.74001927594,60432.71997007426,0.524014496418445,60431.71997007426,0.5240058253790365,46.0125,-1924.6877477461671,-1926.6877477461671,-0.031848965223880296,-0.03188206042621758,-0.01670638538842446,2,2,48.0,calm,1292.3404646586878,,stop_loss,Daily,1d
2016-10-31,1271.5,GC=F,turn_of_month_seasonality,2016-11-01,2016-11-08,1279.300048828125,1284.0999755859375,1279.7288202980144,1283.7406919625816,turn_of_month_window,14.0,1.0,1.0,2.851609892316101,2.2987242720060244,113399.74001927594,113453.90622257988,17917.2034841722,0.15800039295616194,17916.2034841722,0.1579915745937933,14.37,56.16620330394153,54.16620330394153,0.0031349389034100172,0.0030233081105488584,0.0004776572088678002,5,7,168.0,calm,1252.3688318871557,,calendar_window_complete,Daily,1d
2017-04-28,1266.0999755859375,GC=F,turn_of_month_seasonality,2017-05-01,2017-05-02,1268.699951171875,1256.199951171875,1269.1012835114204,1255.9487852012485,turn_of_month_window,43.0,1.0,1.0,2.6633353431966973,1.4998106100034623,113453.90622257988,112886.34879524249,54572.35519099108,0.48100904594618493,54571.35519099108,0.4810002317939596,43.22,-565.5574273373938,-567.5574273373938,-0.010363631714074768,-0.010400280978015534,-0.0050025375611477815,1,1,24.0,calm,1244.6475110325143,,trend_filter_break,Daily,1d
2017-05-31,1272.0,GC=F,turn_of_month_seasonality,2017-06-01,2017-06-08,1268.0,1285.4000244140625,1268.1318346698106,1285.149524302796,turn_of_month_window,89.0,1.0,1.0,0.5397055978755506,1.449190397922012,112886.34879524249,114398.92317257819,112864.73328561314,0.9998085197204087,112863.73328561314,0.9997996612533693,1011.5225,1514.5743773356976,1512.5743773356976,0.013419495645274407,0.013401775161096032,0.013399090266257631,5,7,168.0,calm,1250.8376964885124,,calendar_window_complete,Daily,1d
2017-06-30,1240.699951171875,GC=F,turn_of_month_seasonality,2017-07-03,2017-07-05,1236.0,1222.5,1236.332469093448,1222.2642204852416,turn_of_month_window,15.0,1.0,1.0,2.1898793968277874,1.4290388347015377,114398.92317257819,114185.89944345508,18545.98703640172,0.1621167972746028,18544.98703640172,0.16210805593358082,15.977500000000001,-211.02372912309647,-213.02372912309647,-0.011379017343548457,-0.01148686319947029,-0.0018621130620411206,1,2,48.0,calm,1218.7211463450312,,stop_loss,Daily,1d
2017-07-31,1266.5999755859375,GC=F,turn_of_month_seasonality,2017-08-01,2017-08-08,1268.4000244140625,1256.9000244140625,1268.6962652279897,1256.660937232537,turn_of_month_window,90.0,1.0,1.0,1.8355472108558617,1.402559190325734,114185.89944345508,113100.71992386434,114183.66387051907,0.9999804216374621,114182.66387051907,0.9999716639887081,731.5825,-1083.179519590742,-1085.179519590742,-0.009486374576258325,-0.009503890370094314,-0.00950362106774947,5,7,168.0,calm,1249.8462891038291,,calendar_window_complete,Daily,1d
2017-08-31,1316.199951171875,GC=F,turn_of_month_seasonality,2017-09-01,2017-09-11,1320.199951171875,1331.0,1320.4206639684057,1330.8025000563239,turn_of_month_window,19.0,1.0,1.0,1.17181339716638,0.9840665212737311,113100.71992386434,113295.97480953477,25088.992615399708,0.2218287614109688,25087.992615399708,0.22181991973426973,19.415000000000003,197.25488567044476,195.25488567044476,0.007862521672992052,0.007782802261771709,0.0017263805730138933,5,10,240.0,calm,1293.1972703930985,,calendar_window_complete,Daily,1d
2017-09-29,1281.5,GC=F,turn_of_month_seasonality,2017-10-02,2017-10-09,1275.0,1280.5999755859375,1275.3760689249345,1280.2786731302476,turn_of_month_window,67.0,1.0,1.0,2.44956019556399,2.0096290552457567,113295.97480953477,113622.44929129074,85451.19661797062,0.754229766429259,85450.19661797062,0.7542209399903526,67.02000000000001,328.4744817559765,326.4744817559765,0.0038440459443822585,0.0038206404979449424,0.002881607067725243,5,7,168.0,calm,1258.9615784523332,,calendar_window_complete,Daily,1d
2017-10-31,1267.0,GC=F,turn_of_month_seasonality,2017-11-01,2017-11-08,1272.199951171875,1275.9000244140625,1272.3775263232471,1275.7178608544025,turn_of_month_window,7.0,1.0,1.0,0.8958116505859294,0.9279298366016979,113622.44929129074,113643.83163300883,8907.64268426273,0.07839685502137392,8906.64268426273,0.07838805394371508,7.9625,23.382341718087446,21.382341718087446,0.0026252699863442406,0.002400718483505373,0.00018818764998869303,5,7,168.0,calm,1249.5254945128054,,calendar_window_complete,Daily,1d
2017-11-30,1273.199951171875,GC=F,turn_of_month_seasonality,2017-12-01,2017-12-06,1274.0999755859375,1264.9000244140625,1274.5054855590217,1264.548331014719,turn_of_month_window,89.0,1.0,1.0,2.6827170618824683,2.281177996267236,113643.83163300883,112755.64487856589,113431.98821475293,0.9981359004249346,113430.98821475293,0.9981271010032182,815.34,-886.1867544429438,-888.1867544429438,-0.00781256311339872,-0.007830194979535807,-0.00781552981521403,3,5,120.0,calm,1254.6029398441008,,trend_filter_break,Daily,1d
2017-12-29,1306.300048828125,GC=F,turn_of_month_seasonality,2018-01-02,2018-01-09,1302.300048828125,1309.5999755859375,1302.4353428852962,1309.2958331918085,turn_of_month_window,18.0,1.0,1.0,0.5388854495785085,1.8229463228919682,112755.64487856589,112877.13370408311,23444.83617193533,0.20792605281256338,23443.83617193533,0.20791718407697965,18.990000000000002,123.48882551722045,121.48882551722045,0.005267432540116843,0.005182122269846562,0.0010774522698891033,5,7,168.0,calm,1288.554172369576,,calendar_window_complete,Daily,1d
2018-01-31,1339.0,GC=F,turn_of_month_seasonality,2018-02-01,2018-02-08,1343.800048828125,1317.0999755859375,1344.2223033267676,1316.8410120665292,turn_of_month_window,83.0,1.0,1.0,2.64224202485145,1.4665511404589076,112877.13370408311,110602.48652948333,111571.45117612171,0.9884327101059781,111570.45117612171,0.988423850915749,845.805,-2272.6471745997883,-2274.6471745997883,-0.02036961534745662,-0.020387541240727794,-0.020151532023863813,5,7,168.0,calm,1317.6556640700344,,stop_loss,Daily,1d
2018-02-28,1315.5,GC=F,turn_of_month_seasonality,2018-03-01,2018-03-08,1310.4000244140625,1324.800048828125,1310.7931549572302,1324.3829032705871,turn_of_month_window,37.0,1.0,1.0,2.50008040173314,2.6497352956448164,110602.48652948333,111103.30721707754,48500.346733417515,0.43851045537288863,48499.346733417515,0.4385014139848387,37.81,502.82068759420713,500.82068759420713,0.010367576502793355,0.010326338833944057,0.00452811417997102,5,7,168.0,calm,1289.9126791697333,,calendar_window_complete,Daily,1d
2018-03-29,1322.800048828125,GC=F,turn_of_month_seasonality,2018-04-02,2018-04-09,1327.0,1333.0,1327.2851611471374,1332.729474003964,turn_of_month_window,83.0,1.0,1.0,1.6489159543136536,1.5298642846348485,111103.30721707754,111553.18518419415,110165.66837521241,0.9915606576856156,110164.66837521241,0.9915516570534558,890.6350000000001,451.8779671166101,449.8779671166101,0.00410184112366724,0.004083686482714769,0.004049186098822628,5,7,168.0,calm,1299.5728418884812,,calendar_window_complete,Daily,1d
2018-04-30,1316.199951171875,GC=F,turn_of_month_seasonality,2018-05-01,2018-05-08,1313.199951171875,1310.0999755859375,1313.557039819331,1309.7763130010496,turn_of_month_window,13.0,1.0,1.0,2.2192252568790036,1.9711287085839289,111553.18518419415,111502.03573555649,17077.241517651302,0.15308609511645713,17076.241517651302,0.15307713078255353,13.662500000000001,-49.14944863765868,-51.14944863765868,-0.002878235739805745,-0.0029953575313857394,-0.00045852073657244157,5,7,168.0,calm,1292.8207330471428,,calendar_window_complete,Daily,1d
2018-12-31,1278.300048828125,GC=F,turn_of_month_seasonality,2019-01-02,2019-01-09,1286.0,1279.4000244140625,1286.261875958333,1279.251506790818,turn_of_month_window,15.0,1.0,1.0,1.5363604847018195,0.6609728224368332,111502.03573555649,111394.88019804377,19294.92813937499,0.1730455234479822,19293.92813937499,0.1730365550018601,15.842500000000001,-105.15553751272364,-107.15553751272364,-0.0054501880981987555,-0.00555384765293289,-0.0009610186648686737,5,7,168.0,calm,1261.1309659545516,,calendar_window_complete,Daily,1d
2019-01-31,1319.699951171875,GC=F,turn_of_month_seasonality,2019-02-01,2019-02-08,1320.300048828125,1309.5,1320.4593675565188,1309.3250504491607,turn_of_month_window,84.0,1.0,1.0,0.7066857721855495,0.8361811933505987,111394.88019804377,110457.59756102569,110919.58687474758,0.9957332570181754,110918.58687474758,0.9957242799449183,677.1225000000001,-935.2826370180828,-937.2826370180828,-0.008432154279735194,-0.008450185522796905,-0.008414054895087923,5,7,168.0,calm,1301.7438179157673,,calendar_window_complete,Daily,1d
2019-02-28,1312.800048828125,GC=F,turn_of_month_seasonality,2019-03-01,2019-03-04,1312.199951171875,1285.5,1312.6585578478796,1285.1914439306865,turn_of_month_window,24.0,1.0,1.0,2.994945077501934,1.9008568588803714,110457.59756102569,109796.38682701305,31504.80538834911,0.28522080946893047,31503.80538834911,0.28521175622114964,24.8975,-659.2107340126331,-661.2107340126331,-0.020924797048690047,-0.0209882814428877,-0.005986104610389765,1,3,72.0,calm,1293.6205919763222,,stop_loss,Daily,1d
2019-03-29,1293.0,GC=F,turn_of_month_seasonality,2019-04-01,2019-04-08,1291.800048828125,1292.199951171875,1292.091066697972,1292.0458565626263,turn_of_month_window,84.0,1.0,1.0,1.7528089398282483,0.6926404041002011,109796.38682701305,109790.58917564401,108536.64960262965,0.9885266058311359,108535.64960262965,0.988517498063304,738.975,-3.7976513690446154,-5.797651369044615,-3.4989898553595645e-05,-5.34170237177458e-05,-5.280366263945425e-05,5,7,168.0,calm,1273.5204956647246,,calendar_window_complete,Daily,1d
2019-04-30,1282.800048828125,GC=F,turn_of_month_seasonality,2019-05-01,2019-05-03,1278.699951171875,1270.0999755859375,1279.0585677706135,1269.7367989439733,turn_of_month_window,15.0,1.0,1.0,2.3045406462235754,2.3602513707274495,109790.58917564401,109648.76264324441,19186.8785165592,0.17475886285539333,19185.8785165592,0.17474975460661255,15.715000000000002,-139.82653239960314,-141.82653239960314,-0.007287992169809675,-0.007392235506817872,-0.0012917913408107113,2,2,48.0,calm,1266.9418626158517,,stop_loss,Daily,1d
2019-05-31,1305.800048828125,GC=F,turn_of_month_seasonality,2019-06-03,2019-06-10,1307.0,1335.800048828125,1307.4213746456594,1335.5155343907866,turn_of_month_window,83.0,1.0,1.0,2.7239835169052444,1.6303716056602204,109648.76264324441,111978.57790208996,108516.97409558973,0.989678054540961,108515.97409558973,0.9896689345110045,620.7875,2331.815258845555,2329.815258845555,0.021488221234520752,0.021469790768253748,0.021247984953791887,5,7,168.0,calm,1290.050356840014,,calendar_window_complete,Daily,1d
2019-06-28,1409.699951171875,GC=F,turn_of_month_seasonality,2019-07-01,2019-07-09,1386.5999755859375,1394.5,1386.975754513909,1394.2788178780286,turn_of_month_window,16.0,1.0,1.0,2.210074531859434,1.0863550326906433,111978.57790208996,112093.42691591589,22192.612072222542,0.19818622890198662,22191.612072222542,0.19817729862247482,16.2925,116.84901382591488,114.84901382591488,0.005265458563606378,0.005175334421498495,0.0010256337951204803,5,8,192.0,neutral,1382.4885436544805,,calendar_window_complete,Daily,1d
2019-07-31,1426.0999755859375,GC=F,turn_of_month_seasonality,2019-08-01,2019-08-08,1411.300048828125,1498.4000244140625,1411.773203403397,1498.0070265695128,turn_of_month_window,79.0,1.0,1.0,2.8526150280005704,2.1234713027325567,112093.42691591589,118903.89894603903,111531.08306886836,0.9949832576046644,111530.08306886836,0.9949743364749648,754.4975000000001,6812.47203012315,6810.47203012315,0.06108192375250485,0.06106399137098977,0.06075710429686352,5,7,168.0,calm,1400.4081153381396,,calendar_window_complete,Daily,1d
2019-08-30,1519.0999755859375,GC=F,turn_of_month_seasonality,2019-09-03,2019-09-10,1522.9000244140625,1498.5,1523.1024909540981,1498.2498217827767,turn_of_month_window,32.0,1.0,1.0,0.8294801811675141,1.169803083477468,118903.89894603903,118106.61353255674,48740.27971053114,0.40991321682942,48739.27971053114,0.40990480667627227,32.095,-795.2854134822846,-797.2854134822846,-0.01631713513629227,-0.016358169800979115,-0.006705292429847979,5,7,168.0,neutral,1482.8113671348672,,calendar_window_complete,Daily,1d
2019-09-30,1465.699951171875,GC=F,turn_of_month_seasonality,2019-10-01,2019-10-08,1468.699951171875,1489.4000244140625,1469.1782867663537,1489.1892242496706,turn_of_month_window,44.0,1.0,1.0,2.7568639639230783,0.915536460776591,118106.61353255674,118985.09478182269,64644.844617719566,0.5473431392552784,64643.844617719566,0.5473346723289135,44.185,880.4812492659421,878.4812492659421,0.013620496343817286,0.013589557589913844,0.007438036050570393,5,7,168.0,neutral,1429.4182311501904,,calendar_window_complete,Daily,1d
2019-10-31,1511.4000244140625,GC=F,turn_of_month_seasonality,2019-11-01,2019-11-06,1511.0,1483.199951171875,1511.2414295560704,1482.808992410633,turn_of_month_window,8.0,1.0,1.0,1.097813077897921,2.136609052432266,118985.09478182269,118755.63528465919,12090.931436448564,0.1016171938058219,12089.931436448564,0.10160878939179144,8.99,-227.4594971634997,-229.4594971634997,-0.018813960886308902,-0.018979387796338388,-0.0019284726173832837,3,5,120.0,calm,1483.4047839598866,,stop_loss,Daily,1d
2019-11-29,1465.5999755859375,GC=F,turn_of_month_seasonality,2019-12-02,2019-12-09,1462.800048828125,1458.800048828125,1463.290032872684,1458.4210431285508,turn_of_month_window,81.0,1.0,1.0,2.849631037759953,2.098739927402916,118755.63528465919,118359.24711538441,118527.4926626874,0.9980788901391927,118526.4926626874,0.9980704694861634,1109.2525,-394.3881692747859,-396.3881692747859,-0.003327426302887142,-0.0033443001675824537,-0.0033378472383616747,5,7,168.0,calm,1445.0802846711745,,calendar_window_complete,Daily,1d
2019-12-31,1519.5,GC=F,turn_of_month_seasonality,2020-01-02,2020-01-09,1518.0999755859375,1555.699951171875,1518.2618972870553,1555.3471607806155,turn_of_month_window,27.0,1.0,1.0,0.5666076261240469,1.7682421015423593,118359.24711538441,119358.54922971054,40994.07122675049,0.3463529232049505,40993.07122675049,0.3463444743509372,27.185000000000002,1001.3021143261255,999.3021143261255,0.02442613066943651,0.02437734193660561,0.008442957679106727,5,7,168.0,calm,1501.1863349243763,,calendar_window_complete,Daily,1d
2020-01-31,1582.9000244140625,GC=F,turn_of_month_seasonality,2020-02-03,2020-02-05,1592.9000244140625,1553.199951171875,1593.1881540232775,1552.6756159991328,turn_of_month_window,74.0,1.0,1.0,1.308836743039112,2.8769782132171215,119358.54922971054,116358.62141592383,117896.92339772254,0.9877543264272168,117895.92339772254,0.9877459483092986,790.12,-2997.9278137867122,-2999.9278137867122,-0.025428596064964743,-0.025445560179943115,-0.025133748970199238,2,2,48.0,calm,1557.4175161936844,,stop_loss,Daily,1d
2020-05-29,1736.9000244140625,GC=F,turn_of_month_seasonality,2020-06-01,2020-06-04,1740.4000244140625,1694.5,1740.9245740144434,1693.9132078570558,turn_of_month_window,66.0,1.0,1.0,2.5139599691027805,2.9641216576052845,116358.62141592383,113253.87124953626,114902.02188495325,0.987481808281623,114901.02188495325,0.9874732141612405,421.42,-3102.7501663875787,-3104.7501663875787,-0.027003677734861783,-0.02702108402043862,-0.026682596687783458,3,3,72.0,neutral,1685.6879540261812,,stop_loss,Daily,1d
2020-06-30,1793.0,GC=F,turn_of_month_seasonality,2020-07-01,2020-07-09,1793.5999755859375,1816.0999755859375,1794.0877782406033,1815.763592951353,turn_of_month_window,37.0,1.0,1.0,2.2196847753424365,1.3525684504875128,113253.87124953626,114053.876393834,66382.24779490232,0.5861366773824443,66381.24779490232,0.5861278476621975,37.06,802.0051442977433,800.0051442977433,0.01208180278225099,0.012051673791512833,0.007063821620146332,5,8,192.0,neutral,1751.7248656145434,,calendar_window_complete,Daily,1d
2020-07-31,1962.800048828125,GC=F,turn_of_month_seasonality,2020-08-03,2020-08-10,1984.300048828125,2026.4000244140625,1984.914748064016,2025.8588394003357,turn_of_month_window,57.0,1.0,1.0,2.5978139432812664,2.171385602992009,114053.876393834,116385.68960000422,113141.14063964892,0.9919973280782377,113140.14063964892,0.9919885602920684,616.0525,2333.813206170218,2331.813206170218,0.020627632182316336,0.020609954990219056,0.020444839578431732,5,7,168.0,calm,1920.1801523288354,,calendar_window_complete,Daily,1d
2020-09-30,1887.5,GC=F,turn_of_month_seasonality,2020-10-01,2020-10-08,1884.0999755859375,1893.0,1884.3410285897758,1892.3634394757873,turn_of_month_window,43.0,1.0,1.0,0.779406650187001,2.8638386312781585,116385.68960000422,116728.65326810272,81027.66422936035,0.6961995457331329,81026.66422936035,0.6961909536115118,43.987500000000004,344.96366809849815,342.96366809849815,0.004257409229164578,0.004232725996564274,0.002946785547924319,5,7,168.0,neutral,1837.3441889993246,,calendar_window_complete,Daily,1d
2020-10-30,1877.4000244140625,GC=F,turn_of_month_seasonality,2020-11-02,2020-11-09,1872.9000244140625,1955.5999755859375,1873.4809987719746,1954.9407056940415,turn_of_month_window,20.0,1.0,1.0,2.602004113079717,2.872326792193318,116728.65326810272,118355.84740654405,37470.61997543949,0.3210061876528024,37469.61997543949,0.3209976207759303,20.8825,1629.1941384413394,1627.1941384413394,0.04348040197656769,0.043427025401056356,0.01393997183111498,5,7,168.0,neutral,1834.3401943122462,,calendar_window_complete,Daily,1d
2020-12-31,1893.0999755859375,GC=F,turn_of_month_seasonality,2021-01-04,2021-01-11,1912.199951171875,1826.5,1912.4669187768034,1826.2347725290613,turn_of_month_window,23.0,1.0,1.0,0.8961280815050185,0.9523185897472032,118355.84740654405,116370.50804284599,43987.739131866474,0.3716566616330469,43986.739131866474,0.3716482125363448,23.78,-1983.3393636980682,-1985.3393636980682,-0.045089483849945704,-0.04513495209877416,-0.01677432427042296,5,7,168.0,calm,1852.076633627964,,stop_loss,Daily,1d
2021-05-28,1902.5,GC=F,turn_of_month_seasonality,2021-06-01,2021-06-04,1905.0999755859375,1869.300048828125,1905.4758097799245,1868.9458376647217,turn_of_month_window,61.0,1.0,1.0,1.4727793753778147,1.3952457383459969,116370.50804284599,114140.17974381862,116235.02439657539,0.9988357561675273,116234.02439657539,0.9988271629249883,525.3325,-2228.3282990273697,-2230.3282990273697,-0.019171050048345593,-0.01918825671403908,-0.01916575201516001,3,3,72.0,calm,1870.6238999569007,,stop_loss,Daily,1d
2021-08-31,1815.0,GC=F,turn_of_month_seasonality,2021-09-01,2021-09-03,1813.5,1820.9000244140625,1813.9576172635147,1820.552428581837,turn_of_month_window,32.0,1.0,1.0,2.023392685496732,1.4092876797645277,114140.17974381862,114349.21370600493,58047.64375243247,0.5085645027256592,58046.64375243247,0.5085557415689635,32.705000000000005,211.0339621863095,209.0339621863095,0.0036355928361054644,0.00360113778632636,0.001831379297417218,2,2,48.0,neutral,1779.7766370476415,,trend_filter_break,Daily,1d
2021-12-31,1827.5,GC=F,turn_of_month_seasonality,2022-01-03,2022-01-07,1830.0999755859375,1791.800048828125,1830.3159697820734,1791.5524173262402,turn_of_month_window,20.0,1.0,1.0,0.6802316759583402,0.8822174528069011,114349.21370600493,113571.94265688826,36607.31939564147,0.320136170675908,36606.31939564147,0.3201274255348826,20.295,-775.2710491166636,-777.2710491166636,-0.021178612379396198,-0.021233247754736284,-0.006797344939468053,4,4,96.0,calm,1795.1556573274024,,stop_loss,Daily,1d
2022-02-28,1899.4000244140625,GC=F,turn_of_month_seasonality,2022-03-01,2022-03-08,1908.300048828125,1999.4000244140625,1908.5669734882113,1999.109467209749,turn_of_month_window,27.0,1.0,1.0,0.8987562398815248,0.953433186521992,113571.94265688826,116014.58998736978,51532.3082841817,0.4537415410764413,51531.3082841817,0.4537327360848509,27.985000000000003,2444.64733048152,2442.64733048152,0.04744004008203961,0.04740122872508802,0.021507489203218016,5,7,168.0,calm,1848.862753171852,,calendar_window_complete,Daily,1d
2022-04-29,1909.300048828125,GC=F,turn_of_month_seasonality,2022-05-02,2022-05-03,1896.699951171875,1868.800048828125,1896.9895558854148,1868.1662951919682,turn_of_month_window,19.0,1.0,1.0,1.0268873358741624,2.8923834178340986,116014.58998736978,115464.9480341943,36043.80156182288,0.31068335082464094,36042.80156182288,0.31067473121912315,19.3125,-547.6419531754859,-549.6419531754859,-0.01519421158857854,-0.01524970117077901,-0.004737696812403717,1,1,24.0,neutral,1861.8936641239764,,stop_loss,Daily,1d
2022-05-31,1842.699951171875,GC=F,turn_of_month_seasonality,2022-06-01,2022-06-07,1831.0,1836.9000244140625,1831.2624854883431,1836.292457262713,turn_of_month_window,63.0,1.0,1.0,0.9335635627691514,2.8086622392125364,115464.9480341943,115779.8362559796,115370.53658576561,0.9991823367174536,115369.53658576561,0.9991736760804636,406.1675,316.88822178530177,314.88822178530177,0.002746723538667656,0.0027293879398675937,0.0027271325813271866,4,6,144.0,calm,1802.0179981507158,,trend_filter_break,Daily,1d
2022-12-30,1819.699951171875,GC=F,turn_of_month_seasonality,2023-01-03,2023-01-10,1836.199951171875,1877.800048828125,1836.792518135987,1877.466984968365,turn_of_month_window,20.0,1.0,1.0,2.7271374570823474,1.2740064801489457,115779.8362559796,116591.32559262715,36736.850362719735,0.3172992081410239,36735.850362719735,0.317290571058503,20.735,813.4893366475626,811.4893366475626,0.02214429034894773,0.022089847618474566,0.007008900365461108,5,7,168.0,neutral,1780.7417289162747,,calendar_window_complete,Daily,1d
2023-01-31,1929.5,GC=F,turn_of_month_seasonality,2023-02-01,2023-02-06,1927.199951171875,1865.5999755859375,1927.457886165141,1865.2891699932102,turn_of_month_window,60.0,1.0,1.0,0.8383924854775524,1.166259568365899,116591.32559262715,112859.2026223113,115648.47316990845,0.9919131854970665,115647.47316990845,0.9919046085296556,465.2825,-3730.122970315847,-3732.122970315847,-0.032254253967447924,-0.03227154790345171,-0.0320102970898193,3,5,120.0,calm,1897.67892290308,,stop_loss,Daily,1d
2023-02-28,1828.9000244140625,GC=F,turn_of_month_seasonality,2023-03-01,2023-03-08,1827.0999755859375,1811.5999755859375,1827.519786758563,1810.9923258271017,turn_of_month_window,30.0,1.0,1.0,1.7976913044458356,2.8553414344712196,112859.2026223113,112361.37879436747,54826.59360275689,0.48579639346059084,54825.59360275689,0.4857875328628127,30.6825,-495.82382794383875,-497.82382794383875,-0.009043656353935151,-0.009080135667127657,-0.004411016703793574,5,7,168.0,calm,1794.5948472464847,,calendar_window_complete,Daily,1d
2023-04-28,1990.0999755859375,GC=F,turn_of_month_seasonality,2023-05-01,2023-05-08,1980.0999755859375,2022.5,1980.7176439108878,2021.887011981741,turn_of_month_window,20.0,1.0,1.0,2.6193794887425508,2.5317619858407205,112361.37879436747,113182.76615578453,39615.35287821775,0.35257090383981315,39614.35287821775,0.3525620039846251,20.5975,823.3873614170625,821.3873614170625,0.020785076660177076,0.020734589908414446,0.0073102285699099805,5,7,168.0,neutral,1942.9723201588731,,calendar_window_complete,Daily,1d
2023-05-31,1963.9000244140625,GC=F,turn_of_month_seasonality,2023-06-01,2023-06-08,1963.199951171875,1943.199951171875,1963.530265309502,1942.9755224129929,turn_of_month_window,57.0,1.0,1.0,1.182529267739582,0.6550776440225599,113182.76615578453,112009.1458106835,111922.22512264161,0.9888627829487052,111921.22512264161,0.988853947681341,533.1525,-1171.6203451010242,-1173.6203451010242,-0.010468258758043258,-0.010486128469510483,-0.010369249532969142,5,7,168.0,calm,1926.8629707509974,,calendar_window_complete,Daily,1d
2023-06-30,1921.0999755859375,GC=F,turn_of_month_seasonality,2023-07-03,2023-07-11,1917.9000244140625,1925.0,1918.1838648842727,1924.7257038830073,turn_of_month_window,14.0,1.0,1.0,0.9799544637206699,0.925117960650413,112009.1458106835,112098.73155666579,26855.574108379817,0.23976233292387375,26854.574108379817,0.23975340508148407,14.0825,91.58574598228506,89.58574598228506,0.003410433753768087,0.0033359585454878,0.0007998074204913748,5,8,192.0,calm,1884.6797394303853,,calendar_window_complete,Daily,1d
2023-07-31,1970.5,GC=F,turn_of_month_seasonality,2023-08-01,2023-08-03,1964.9000244140625,1934.199951171875,1965.2776016300863,1933.9930679874187,turn_of_month_window,57.0,1.0,1.0,1.4216103177380786,0.5697204032458274,112098.73155666579,110313.51313903373,112021.82329291492,0.9993139238715472,112020.82329291492,0.9993050031640056,551.1850000000001,-1783.2184176320538,-1785.2184176320538,-0.015918633386305763,-0.015936487209739735,-0.0159254114015521,2,2,48.0,calm,1939.7838649476275,,stop_loss,Daily,1d
2023-08-31,1938.199951171875,GC=F,turn_of_month_seasonality,2023-09-01,2023-09-11,1950.0,1923.0,1950.5658489456364,1922.550411974259,turn_of_month_window,17.0,1.0,1.0,2.4017894648030014,1.8384979813305282,110313.51313903373,109835.25071052033,33160.61943207582,0.3006034209995815,33159.61943207582,0.30059435592703015,17.4325,-476.2624285134143,-478.2624285134143,-0.014362722994725272,-0.014423037317816245,-0.004335483613060495,5,10,240.0,calm,1913.1207858499454,,calendar_window_complete,Daily,1d
2023-10-31,1985.199951171875,GC=F,turn_of_month_seasonality,2023-11-01,2023-11-08,1990.5,1967.800048828125,1991.0364190825578,1967.5192748417621,turn_of_month_window,14.0,1.0,1.0,2.194896169594626,0.9270456709270145,109835.25071052033,109504.01069114919,27875.509867155808,0.25379383837911895,27874.509867155808,0.2537847338339613,14.637500000000001,-329.2400193711396,-331.2400193711396,-0.011811508827966123,-0.011883258968489905,-0.003015789714398244,5,7,168.0,neutral,1952.5078459956667,,calendar_window_complete,Daily,1d
2023-11-30,2038.0999755859375,GC=F,turn_of_month_seasonality,2023-12-01,2023-12-08,2038.300048828125,2031.699951171875,2038.5487665724647,2031.2515659847083,turn_of_month_window,53.0,1.0,1.0,0.720221451119611,1.7074330657783756,109504.01069114919,109115.2590599981,108044.08462834063,0.9866678302137607,108043.08462834063,0.9866586981281532,499.81000000000006,-386.7516311510881,-388.7516311510881,-0.003579605603463489,-0.0035981167373031037,-0.0035501131757405984,5,7,168.0,calm,2006.0795281982294,,calendar_window_complete,Daily,1d
2023-12-29,2062.39990234375,GC=F,turn_of_month_seasonality,2024-01-02,2024-01-09,2063.5,2035.800048828125,2063.780788879128,2035.3990397003038,turn_of_month_window,21.0,1.0,1.0,0.8607408729253592,1.4701744964977124,109115.2590599981,108517.2423272428,43340.39656646169,0.3971983106655188,43339.39656646169,0.3971891460444693,21.8075,-596.0167327553102,-598.0167327553102,-0.013752308060895784,-0.013798455450071656,-0.005480596736946615,5,7,168.0,neutral,2018.5250662067663,,calendar_window_complete,Daily,1d
2024-01-31,2048.39990234375,GC=F,turn_of_month_seasonality,2024-02-01,2024-02-08,2040.199951171875,2028.0,2040.5224830217053,2027.6444761299113,turn_of_month_window,53.0,1.0,1.0,1.0808835288178928,1.253383664020331,108517.2423272428,107832.70796197772,108148.69160015039,0.9966037588203631,108147.69160015039,0.9965945436949273,460.12250000000006,-682.5343652650836,-684.5343652650836,-0.006311132074724141,-0.006329625303478338,-0.00630807004107986,5,7,168.0,calm,2012.8097848767384,,calendar_window_complete,Daily,1d
2024-02-29,2045.699951171875,GC=F,turn_of_month_seasonality,2024-03-01,2024-03-08,2043.0999755859375,2167.300048828125,2043.3531532044938,2166.775947211548,turn_of_month_window,26.0,1.0,1.0,0.7391836991906124,1.9188085401780735,107832.70796197772,111039.70060616113,53128.18198331684,0.4926907891625059,53127.18198331684,0.4926815155383997,26.1,3208.9926441834127,3206.9926441834127,0.06040208654754379,0.060364441034920356,0.029740444293712927,5,7,168.0,calm,2013.4178594129507,,calendar_window_complete,Daily,1d
2024-03-28,2217.39990234375,GC=F,turn_of_month_seasonality,2024-04-01,2024-04-08,2235.699951171875,2325.60009765625,2236.193451983768,2325.319153595186,turn_of_month_window,49.0,1.0,1.0,1.7073660270665418,0.7081957034983448,111039.70060616113,115404.8599851206,109574.47914720465,0.9868045262103743,109573.47914720465,0.9867955204224035,604.7575,4367.15937895947,4365.15937895947,0.03985598899431206,0.03983773640239323,0.03931169982565015,5,7,168.0,neutral,2172.480935303001,,calendar_window_complete,Daily,1d
2024-05-31,2322.89990234375,GC=F,turn_of_month_seasonality,2024-06-03,2024-06-10,2322.60009765625,2290.60009765625,2323.141764316024,2289.9034667277956,turn_of_month_window,49.0,1.0,1.0,1.8321563635547213,2.5421846972003643,115404.8599851206,113774.18340329741,113834.94645148517,0.9863964694915116,113833.94645148517,0.9863878043451726,385.2975,-1628.676581823187,-1630.676581823187,-0.014307477097943817,-0.014325046549432986,-0.014130051213037594,5,7,168.0,neutral,2265.7987116655795,,calendar_window_complete,Daily,1d
2024-08-30,2493.800048828125,GC=F,turn_of_month_seasonality,2024-09-03,2024-09-10,2501.60009765625,2512.300048828125,2502.2861155566,2511.859290123577,turn_of_month_window,27.0,1.0,1.0,2.242316411775204,1.2547109676124872,113774.18340329741,114030.65911660579,67562.7251200282,0.5938317735978591,67561.7251200282,0.5938229842576934,27.1575,258.47571330837445,256.47571330837445,0.0038257713646176732,0.0037961688049369243,0.002254252288493606,5,7,168.0,neutral,2437.6315421545974,,calendar_window_complete,Daily,1d
2024-09-30,2636.10009765625,GC=F,turn_of_month_seasonality,2024-10-01,2024-10-08,2631.39990234375,2639.0,2631.9907832188715,2638.520429241628,turn_of_month_window,43.0,1.0,1.0,1.7455001027981605,1.317574550710213,114030.65911660579,114309.43389558431,113176.60367841147,0.9925102999069664,113175.60367841147,0.992501530335627,60.0175,280.77477897852623,278.77477897852623,0.002480877237256431,0.0024632055842234773,0.0024447353118730634,5,7,168.0,calm,2587.5859337152265,,calendar_window_complete,Daily,1d
2024-10-31,2738.300048828125,GC=F,turn_of_month_seasonality,2024-11-01,2024-11-07,2745.5,2662.5,2745.883569517489,2662.048836036938,turn_of_month_window,9.0,1.0,1.0,0.8970843834974738,1.1947997232594985,114309.43389558431,113552.92129425936,24713.9521256574,0.2162022090690459,24712.9521256574,0.2161934608847017,9.790000000000001,-754.5126013249569,-756.5126013249569,-0.03053105907738191,-0.030611988299832978,-0.006618111695102887,4,6,144.0,neutral,2688.9748353765863,,stop_loss,Daily,1d
2024-12-31,2629.199951171875,GC=F,turn_of_month_seasonality,2025-01-02,2025-01-09,2633.0,2669.699951171875,2633.7745538572617,2669.0177203392423,turn_of_month_window,40.0,1.0,1.0,2.4417161308851547,2.056112038650616,113552.92129425936,114960.64795353857,105351.98215429047,0.9277787040043021,105350.98215429047,0.9277698975377788,40.222500000000004,1409.726659279222,1407.726659279222,0.013381238887878847,0.013362254726942684,0.012397097698889314,5,7,168.0,neutral,2568.350659520244,,calendar_window_complete,Daily,1d
2025-01-31,2812.5,GC=F,turn_of_month_seasonality,2025-02-03,2025-02-10,2818.199951171875,2864.199951171875,2818.684588965133,2863.7386552097328,turn_of_month_window,40.0,1.0,1.0,1.2196714273472316,1.1108172486453105,114960.64795353857,116760.81060332256,112748.38355860533,0.980756333281739,112747.38355860533,0.9807476346529663,475.095,1802.1626497839861,1800.1626497839861,0.01598407513241524,0.01596633636157307,0.01565894662068644,5,7,168.0,neutral,2752.8133203749235,,calendar_window_complete,Daily,1d
2025-02-28,2836.800048828125,GC=F,turn_of_month_seasonality,2025-03-03,2025-03-10,2872.699951171875,2910.10009765625,2873.59478380723,2909.1027491721466,turn_of_month_window,40.0,1.0,1.0,2.6149533559537206,2.9283714605379316,116760.81060332256,118179.12921791922,114944.7913522892,0.9844466714332516,114943.7913522892,0.9844381069158006,120.20750000000001,1420.3186145966538,1418.3186145966538,0.012356636212246943,0.012339236403379753,0.012147214525729696,5,7,168.0,neutral,2759.7028418620575,,calendar_window_complete,Daily,1d
2025-03-31,3122.800048828125,GC=F,turn_of_month_seasonality,2025-04-01,2025-04-04,3129.699951171875,3110.5,3130.6837801385586,3109.413730189378,turn_of_month_window,37.0,1.0,1.0,2.6435248810832643,2.993487534564764,118179.12921791922,117390.13736979954,115836.29986512667,0.9801756082626701,115835.29986512667,0.9801671465316808,419.795,-786.991848119686,-788.991848119686,-0.006794058883915554,-0.006811324777838466,-0.006676236771594464,3,3,72.0,calm,3059.2725099330246,,stop_loss,Daily,1d
2025-07-31,3293.199951171875,GC=F,turn_of_month_seasonality,2025-08-01,2025-08-08,3286.199951171875,3438.800048828125,3287.246644509482,3437.6921453478244,turn_of_month_window,35.0,1.0,1.0,2.685117622662546,2.7228117977330193,117390.13736979954,122653.72989914153,115054.63255783186,0.9801047612321091,115053.63255783186,0.9800962426289077,355.91,5265.592529341986,5263.592529341986,0.04576641703768222,0.04574903384033732,0.04483845617081736,5,7,168.0,calm,3214.51558849421,,calendar_window_complete,Daily,1d
2025-08-29,3473.699951171875,GC=F,turn_of_month_seasonality,2025-09-02,2025-09-09,3485.699951171875,3647.10009765625,3486.078573111202,3646.6558529842046,turn_of_month_window,35.0,1.0,1.0,0.586214948591433,0.7182248338073525,122653.72989914153,128271.93469469663,122013.75005889207,0.994782222760158,122012.75005889207,0.9947740697264034,82.17000000000002,5620.204795555093,5618.204795555093,0.04606243849796338,0.04604604676841843,0.04580541333863191,5,7,168.0,neutral,3404.85986072179,,calendar_window_complete,Daily,1d
2025-09-30,3840.800048828125,GC=F,turn_of_month_seasonality,2025-10-01,2025-10-08,3863.5,3987.199951171875,3864.2443825791793,3986.168888436159,turn_of_month_window,33.0,1.0,1.0,1.426705265119838,2.086600730108714,128271.93469469663,132293.44338797696,127521.06462511292,0.9941462637842731,127520.06462511292,0.994138467846663,94.92250000000001,4023.508693280324,4021.508693280324,0.031551965607206585,0.03153628180085125,0.03135143087107887,5,7,168.0,neutral,3751.3639177272444,,calendar_window_complete,Daily,1d
